,0,1,2,3,4,5,6,7,8,9,10,11,12,13,14,15,16,17,18,19,20,21,22,23
0,-15.9,-16.5,-16.9,-17.2,-17.5,-17.8,-17.8,-18.2,-18.5,-17.9,-15.6,-14.5,-13.4,-12.2,-11.6,-11.2,-11.3,-11.7,-12.6,-13.1,-13.5,-14.1,-14.5,-15.2
1,-15.4,-15.3,-15.1,-14.8,-15.7,-16.0,-16.4,-16.3,-16.2,-15.2,-12.5,-11.0,-10.1,-9.3,-8.7,-8.2,-7.7,-8.9,-9.7,-10.2,-10.7,-10.9,-11.2,-11.7
2,-12.2,-12.4,-12.3,-12.2,-12.5,-12.5,-12.6,-12.7,-12.6,-12.2,-9.7,-7.3,-6.0,-3.8,-2.8,-3.2,-3.3,-3.6,-4.2,-4.4,-4.6,-4.8,-5.4,-6.3
3,-6.6,-7.1,-7.9,-8.5,-9.1,-9.5,-9.5,-9.1,-8.8,-8.4,-7.7,-6.7,-6.1,-5.0,-4.3,-4.1,-4.1,-4.2,-5.1,-5.4,-5.7,-5.9,-6.6,-6.7
4,-6.1,-6.3,-7.5,-8.2,-8.6,-8.9,-9.1,-9.3,-9.1,-7.7,-5.6,-3.9,-1.9,-1.0,-0.7,-0.8,-1.5,-1.1,-0.8,-1.3,-1.2,-0.9,-1.5,-1.8
5,-2.0,-2.1,-2.1,-2.4,-2.8,-2.9,-2.7,-3.0,-2.9,-2.1,-0.6,1.4,2.9,4.4,7.3,8.2,8.0,7.3,6.9,5.8,5.1,3.9,2.8,1.9
6,0.9,0.3,-0.6,-1.2,-2.1,-2.4,-2.8,-3.1,-3.4,-3.0,-0.6,1.4,3.3,4.7,5.9,6.8,6.8,5.9,4.5,3.9,3.8,3.5,3.3,2.8
7,2.1,2.2,2.6,3.2,3.2,3.5,3.7,3.8,4.2,4.8,5.5,6.3,8.8,9.8,9.8,9.2,7.7,6.7,5.3,4.0,3.1,1.5,0.8,0.2
8,-0.7,-1.7,-2.4,-3.1,-4.0,-4.7,-5.4,-6.0,-6.6,-6.5,-5.8,-4.9,-3.6,-2.3,-1.8,-1.7,-2.9,-3.3,-4.1,-4.7,-5.6,-6.4,-7.4,-8.2
9,-8.7,-9.3,-9.4,-9.5,-9.8,-9.8,-10.3,-10.5,-10.8,-9.9,-8.1,-6.1,-4.4,-3.1,-2.2,-1.6,-1.8,-2.2,-2.6,-2.8,-2.8,-2.8,-3.0,-3.0
10,-3.0,-3.6,-3.3,-3.4,-3.2,-3.5,-3.7,-4.0,-3.9,-3.1,-2.3,-1.5,-0.6,-0.2,-0.3,-0.4,-0.4,-2.0,-3.9,-4.9,-5.5,-6.1,-7.1,-8.4
11,-9.1,-9.6,-10.1,-10.4,-10.6,-11.0,-11.4,-11.4,-11.6,-10.8,-8.6,-6.2,-4.1,-2.3,-1.5,-0.6,-0.4,-1.3,-2.7,-3.6,-4.4,-4.9,-5.1,-5.5
12,-5.6,-5.8,-5.6,-5.5,-6.1,-6.4,-6.3,-6.4,-5.9,-4.7,-2.3,0.1,1.5,3.4,5.0,6.3,7.1,5.9,4.1,3.1,2.4,1.6,1.5,2.0
13,2.5,2.7,2.9,2.9,3.0,3.0,3.1,3.2,3.2,3.7,4.5,5.0,5.8,6.8,6.9,6.1,5.3,4.8,4.6,4.6,4.6,4.8,4.9,4.8
14,4.9,5.0,5.0,5.0,4.9,5.1,5.0,5.0,4.9,5.0,5.4,5.8,6.0,6.4,6.6,6.5,6.4,6.3,5.9,5.6,5.5,5.5,5.2,5.1
15,4.9,5.3,5.6,5.4,5.2,5.3,5.2,5.4,5.3,5.9,7.5,9.3,9.8,10.4,10.9,11.9,11.5,10.5,9.4,8.4,7.6,7.1,6.6,6.3
16,6.1,5.8,5.5,4.7,4.2,3.8,3.1,2.7,2.4,3.7,6.3,8.5,10.1,11.6,12.9,13.8,13.4,11.6,10.3,9.0,8.0,7.0,7.0,6.3
17,5.7,5.3,4.7,4.1,3.8,3.6,3.0,3.1,3.4,4.4,6.4,8.4,9.8,11.2,12.5,13.3,13.7,13.1,11.7,10.9,9.9,9.3,8.5,8.0
18,7.4,7.1,7.0,6.6,6.5,6.1,5.9,6.2,5.8,5.9,5.9,6.0,6.1,6.5,7.0,6.9,6.4,5.4,5.2,4.7,4.3,3.8,3.3,2.4
19,1.7,1.4,1.0,0.6,0.1,-0.4,-1.0,-1.4,-1.8,-1.2,0.9,2.6,3.9,5.6,6.5,6.0,5.6,4.8,3.6,2.6,1.5,1.1,0.8,0.5
20,0.7,0.3,0.2,0.1,0.1,-0.4,-0.1,-0.2,-0.3,0.7,0.5,0.3,0.8,0.3,0.9,0.0,-1.3,-3.3,-4.6,-5.6,-6.8,-7.7,-8.4,-8.9
21,-9.7,-10.1,-10.6,-10.9,-11.2,-11.3,-11.6,-11.5,-11.5,-11.0,-9.9,-8.6,-8.3,-7.3,-6.3,-5.8,-5.0,-5.5,-6.6,-7.1,-7.6,-8.0,-8.1,-8.0
22,-8.2,-6.9,-6.4,-6.4,-6.1,-5.9,-5.7,-5.5,-5.4,-5.6,-4.7,-3.4,-0.8,2.9,3.7,4.4,4.9,4.3,2.7,1.6,0.8,0.1,-0.7,-1.3
23,-1.5,-2.1,-2.5,-2.9,-3.2,-3.4,-3.6,-3.2,-3.1,-1.8,0.8,2.6,4.8,6.4,7.7,8.4,8.6,8.3,7.9,7.4,6.8,6.5,6.3,5.8
24,6.1,6.3,6.2,5.7,5.7,5.6,5.7,5.8,5.8,6.7,7.1,7.6,8.5,9.2,9.2,7.7,6.9,6.7,5.8,5.2,3.8,2.4,1.2,0.1
25,-2.3,-3.2,-3.8,-4.4,-5.3,-6.2,-7.2,-7.9,-8.2,-7.8,-6.8,-5.7,-4.9,-4.6,-4.1,-3.1,-2.5,-3.3,-4.1,-4.4,-4.5,-5.3,-6.0,-6.9
26,-7.7,-8.4,-9.0,-9.2,-9.3,-9.0,-8.7,-9.0,-8.9,-7.7,-4.8,-2.5,-0.8,0.4,1.2,0.2,0.3,0.7,0.3,-0.1,0.2,0.2,-0.5,-0.5
27,0.0,0.3,-1.0,-2.8,-4.2,-5.5,-6.5,-7.1,-7.3,-6.8,-5.7,-3.8,-2.9,-2.3,-1.3,-0.3,0.5,0.1,-1.2,-2.3,-3.0,-3.6,-4.0,-4.1
28,-4.4,-4.3,-4.2,-3.7,-3.5,-4.0,-3.9,-3.9,-3.7,-2.6,-0.9,0.7,1.8,3.6,5.5,6.1,6.1,5.7,4.9,4.5,4.2,4.1,4.1,4.1
29,4.3,4.5,4.5,4.7,4.8,4.9,4.8,4.5,4.5,4.8,5.4,6.7,7.7,8.5,9.4,9.4,8.9,8.5,7.8,7.7,7.8,7.8,7.7,7.6
30,7.3,7.1,6.3,5.9,5.6,5.1,4.6,4.5,3.6,3.5,3.8,4.6,5.2,5.5,6.8,7.4,7.3,6.4,4.4,2.8,1.6,0.0,-1.2,-2.0
31,-2.6,-3.0,-3.1,-3.5,-3.9,-4.4,-4.8,-5.2,-5.3,-4.7,-3.8,-3.1,-2.1,-1.0,-0.6,-0.3,-0.1,-0.2,-1.5,-2.2,-2.8,-3.3,-3.9,-4.2
32,-4.7,-5.0,-5.3,-5.7,-5.9,-5.9,-5.6,-5.6,-5.6,-4.3,-1.8,-0.3,1.4,2.7,4.4,4.1,4.3,3.8,2.3,1.5,1.0,0.5,0.0,-0.2
33,-0.3,-0.4,-0.8,-1.0,-1.4,-0.7,-0.3,-0.5,-0.3,0.6,2.0,4.0,5.1,5.9,6.5,7.0,6.9,6.7,6.2,5.5,5.1,4.7,4.6,4.7
34,4.5,4.5,4.4,3.4,2.4,2.0,1.5,1.8,2.4,3.0,3.9,5.8,7.3,8.7,10.0,10.3,10.8,10.3,8.9,7.5,6.5,5.7,5.0,4.4
35,3.8,3.1,2.9,2.5,2.0,1.7,1.3,0.7,0.6,1.7,4.5,7.4,10.1,12.4,12.9,13.7,13.5,12.6,11.0,9.2,8.0,7.3,6.3,5.5
36,4.5,4.1,3.6,3.1,2.8,2.2,1.9,1.5,1.0,2.1,5.3,8.3,11.0,12.8,14.9,15.0,14.1,13.3,12.1,10.6,9.5,8.4,7.7,6.9
37,7.0,6.7,6.6,6.7,6.6,6.6,6.7,6.5,6.5,7.7,9.4,11.6,13.0,13.7,13.6,13.4,13.4,12.7,11.4,10.3,9.6,8.6,7.6,8.5
38,8.2,7.7,7.4,7.0,6.3,5.3,5.3,5.3,4.9,3.4,2.2,1.2,1.8,2.3,2.0,1.8,2.1,0.9,-1.0,-2.5,-3.4,-3.9,-4.5,-4.9
39,-5.2,-5.3,-5.4,-5.7,-6.0,-6.4,-6.5,-5.9,-5.7,-5.2,-5.3,-5.2,-5.0,-4.7,-4.3,-3.2,-2.0,-1.5,-2.9,-4.1,-4.9,-5.7,-6.0,-6.3
40,-7.0,-7.7,-8.1,-8.6,-9.3,-9.8,-10.1,-10.2,-10.3,-9.9,-8.9,-8.4,-7.5,-6.4,-5.8,-5.5,-5.4,-5.9,-6.8,-8.2,-8.7,-9.1,-9.1,-9.1
41,-9.2,-9.5,-9.6,-10.0,-10.3,-10.4,-10.5,-10.5,-10.0,-8.7,-7.6,-5.7,-4.4,-3.1,-2.6,-1.7,-0.9,-0.7,-1.9,-2.6,-3.0,-3.6,-4.1,-4.7
42,-5.3,-5.9,-6.1,-6.4,-6.6,-6.7,-7.0,-6.9,-6.4,-4.1,-1.4,1.0,3.4,5.9,6.9,8.4,8.8,8.6,7.2,6.4,6.0,5.9,6.0,5.7
43,5.5,5.6,5.6,5.6,5.8,6.0,6.1,6.1,6.0,6.3,7.1,8.9,10.7,11.4,13.2,14.6,14.8,13.7,11.8,10.0,9.1,8.1,7.1,7.1
44,7.1,7.4,6.9,5.9,5.1,5.0,5.1,5.0,4.7,6.4,9.7,12.1,15.3,16.7,17.2,17.0,17.2,16.2,15.1,13.9,12.9,11.8,11.0,10.4
45,10.1,9.6,9.0,8.7,8.4,8.2,7.7,7.5,7.5,8.9,9.5,10.2,11.9,12.0,12.0,12.3,12.0,11.7,9.4,6.6,4.5,2.7,1.8,1.1
46,0.4,-0.2,-0.7,-1.4,-1.9,-2.1,-2.8,-2.8,-3.1,-2.0,-1.0,0.4,1.1,2.5,3.1,3.9,3.9,3.7,2.6,1.6,0.7,0.0,-0.5,-0.8
47,-1.4,-1.5,-1.7,-1.9,-2.2,-2.4,-2.4,-2.8,-2.8,-1.0,1.6,3.4,5.6,6.9,8.5,9.2,9.5,9.4,7.5,5.9,4.8,4.1,3.1,2.6
48,2.2,1.3,1.3,1.0,0.8,0.9,1.2,0.9,1.1,2.0,3.3,4.6,6.0,6.7,7.9,8.0,8.0,7.9,7.4,6.6,5.6,4.5,4.0,3.5
49,3.1,2.9,2.4,2.0,1.8,1.1,0.9,0.7,0.8,3.9,8.1,10.6,12.9,14.2,14.9,15.5,15.5,14.9,13.5,12.0,10.7,9.7,8.8,8.1
50,7.2,6.2,5.8,5.5,4.8,4.5,4.4,4.3,4.6,6.6,8.9,10.9,12.4,13.5,14.5,15.3,16.1,15.3,13.9,12.4,11.3,10.3,9.4,8.6
51,7.6,6.8,6.1,5.7,4.8,4.1,3.7,3.3,3.5,5.9,8.1,8.4,9.0,9.5,9.5,9.8,10.7,10.5,10.2,9.8,9.3,9.1,9.1,9.0
52,9.0,8.7,8.7,8.6,7.2,5.8,5.6,5.2,5.4,5.7,6.0,6.4,6.4,6.7,6.8,6.8,5.7,4.5,3.1,1.5,1.2,1.0,0.8,0.6
53,0.5,0.6,0.5,0.3,0.2,0.2,0.3,0.2,0.3,0.7,1.5,2.4,3.5,4.0,4.8,6.1,6.2,6.4,4.9,3.8,2.9,2.1,1.5,1.2
54,0.8,0.8,0.5,0.3,-0.4,-0.8,-1.0,-1.2,-0.6,1.3,3.8,6.0,7.7,8.7,9.3,9.5,9.6,9.6,8.4,6.9,5.6,4.8,4.2,4.2
55,3.9,3.5,2.9,2.6,2.7,3.1,3.6,3.7,4.0,4.9,6.1,7.0,8.5,10.4,11.2,12.1,13.0,12.0,11.5,10.2,9.1,8.1,7.3,6.7
56,6.1,5.7,5.3,4.6,4.4,3.7,3.4,3.3,3.3,5.4,8.5,11.0,13.3,15.4,14.9,14.9,15.6,15.0,13.0,11.3,10.2,9.4,8.7,8.1
57,7.6,7.0,6.4,6.0,5.9,5.8,5.4,5.1,5.2,6.7,8.6,10.3,11.4,11.0,10.0,9.2,8.5,7.5,6.5,5.4,4.5,4.0,3.9,3.6
58,3.2,2.7,2.4,2.4,2.4,2.3,2.2,2.1,2.5,4.3,5.9,7.9,9.1,10.6,11.5,12.1,11.5,11.0,9.3,7.9,7.0,6.0,5.5,4.9
59,4.5,4.2,3.4,3.0,2.6,2.3,1.9,1.6,2.0,4.1,7.0,8.8,11.0,11.8,12.9,13.3,13.5,11.8,10.5,9.3,8.3,7.4,6.5,5.5
60,4.8,4.7,4.1,3.7,2.8,2.4,2.5,2.4,2.9,4.8,7.4,9.0,9.7,11.4,11.8,11.7,12.0,11.3,9.1,7.3,6.5,6.0,5.7,5.2
61,4.9,4.3,3.9,3.6,3.2,2.9,2.1,1.8,2.2,4.8,7.6,10.0,12.3,13.9,15.1,16.4,17.0,16.3,14.1,11.7,10.7,9.9,9.0,8.1
62,7.1,6.5,6.2,5.9,5.7,5.2,4.8,4.8,5.0,6.7,9.5,11.7,13.7,15.2,16.1,16.9,16.5,14.2,12.9,12.0,11.6,11.0,10.5,10.1
63,9.9,9.5,9.6,9.6,9.4,9.5,9.2,9.0,8.9,9.8,10.7,12.3,13.8,14.8,12.9,12.4,12.5,12.8,12.4,11.3,10.3,9.4,8.4,7.7
64,7.2,6.8,6.4,6.0,5.4,5.2,5.0,4.6,5.6,7.5,9.4,11.1,12.1,13.4,14.0,13.7,13.8,13.1,11.5,10.3,9.9,9.6,9.2,8.4
65,7.8,7.3,6.9,6.3,6.0,5.5,5.4,5.0,5.2,6.6,8.5,10.4,11.9,12.9,13.7,14.4,14.6,13.8,11.9,10.4,9.5,9.0,8.7,8.5
66,7.6,7.0,6.7,6.4,5.9,5.6,5.2,5.1,6.0,7.6,9.5,12.0,13.3,14.4,14.8,15.6,15.4,14.9,13.7,12.9,12.7,12.6,12.3,11.5
67,10.7,9.8,9.3,9.2,8.9,7.8,6.6,5.6,5.4,6.2,7.6,8.5,10.2,11.5,12.6,12.6,12.4,12.0,10.5,9.1,7.9,6.6,6.0,5.7
68,4.9,4.5,4.1,3.6,3.2,2.7,2.2,1.9,2.8,5.8,8.5,10.6,12.7,14.2,15.5,16.7,17.4,16.4,13.7,11.0,9.5,8.6,8.8,7.9
69,7.2,6.9,6.2,5.9,5.5,5.4,5.1,5.1,6.1,8.8,11.5,13.6,15.2,16.6,16.3,17.8,18.1,16.9,15.3,14.2,13.6,13.3,12.9,12.7
70,12.5,12.4,12.5,12.4,12.2,12.0,11.6,11.6,11.6,12.9,14.4,15.6,17.4,18.4,19.2,19.8,20.2,19.9,18.0,16.1,15.5,15.2,14.8,14.8
71,14.7,14.2,13.7,13.3,12.7,12.2,12.0,11.8,11.4,10.6,9.1,8.8,8.8,8.8,9.0,9.2,9.5,9.5,9.4,8.9,8.6,8.3,7.9,7.7
72,7.4,7.1,6.7,6.2,5.5,5.1,4.7,4.7,4.9,5.5,5.9,6.7,8.0,6.7,7.9,8.0,7.8,7.2,6.1,5.3,5.2,4.6,3.9,3.5
73,3.2,2.8,2.5,2.2,1.9,1.7,1.5,1.1,2.3,4.8,6.7,8.2,9.9,10.2,10.6,10.6,10.6,10.8,9.3,8.1,7.1,6.4,5.8,5.4
74,5.1,4.8,4.3,3.8,3.3,2.7,2.9,2.8,3.9,6.3,8.5,10.8,12.8,14.6,15.5,16.0,15.3,14.8,12.7,11.2,10.2,9.5,9.2,8.7
75,8.5,8.3,7.8,7.7,7.3,6.6,5.9,5.9,6.6,8.6,10.1,12.0,13.8,15.0,15.8,16.6,16.7,15.4,14.1,11.9,10.8,10.5,10.0,9.3
76,9.1,8.9,8.9,9.0,9.0,9.0,9.1,8.5,8.8,10.1,12.7,14.6,15.8,17.1,18.8,18.5,18.1,17.5,15.5,13.1,11.9,10.0,8.6,7.5
77,6.8,6.1,5.8,5.7,5.4,5.2,5.0,4.9,5.8,8.4,10.8,13.7,15.4,17.3,18.9,19.8,20.6,19.4,18.9,16.9,15.8,14.9,13.7,13.1
78,12.6,12.3,12.1,11.9,11.6,11.1,10.4,10.3,11.5,12.6,13.1,13.6,14.9,13.1,12.1,11.4,11.2,11.1,11.1,11.2,11.5,11.7,12.0,12.2
79,12.4,12.5,12.8,11.9,10.6,9.2,8.3,7.7,7.8,7.8,7.9,8.2,8.4,8.9,8.9,8.8,9.0,8.9,8.8,8.9,9.0,9.3,9.4,8.9
80,8.8,9.0,8.9,8.6,8.2,8.2,8.3,8.4,8.7,9.4,10.9,12.4,13.5,13.9,14.2,13.0,13.6,12.6,11.9,10.7,10.0,9.3,8.8,8.0
81,7.3,6.5,5.7,5.2,4.9,4.4,4.2,4.5,5.8,8.2,11.0,13.2,14.4,16.0,17.2,17.8,18.2,17.7,16.2,13.4,11.7,11.1,10.3,9.7
82,9.0,8.4,8.1,7.6,7.3,6.6,6.2,6.0,7.8,10.9,14.0,15.5,17.7,19.8,21.4,22.3,22.2,22.1,21.1,18.9,17.5,16.8,16.1,14.7
83,13.5,13.1,12.4,13.1,13.0,13.0,12.6,12.0,14.0,16.2,18.2,20.2,21.7,22.6,23.6,23.2,23.5,23.0,22.3,20.6,19.2,18.1,16.5,15.4
84,14.6,14.2,13.7,12.9,12.6,12.8,12.7,12.9,13.6,15.4,17.4,18.9,20.7,21.6,22.0,22.9,22.3,21.7,21.0,19.9,19.4,19.0,18.8,18.4
85,18.0,17.7,17.6,17.7,17.6,17.6,17.4,17.3,17.3,17.5,16.8,15.8,14.9,14.8,14.5,14.4,14.4,14.3,14.2,14.0,13.5,12.5,11.7,11.4
86,10.9,10.5,10.3,10.4,10.2,9.7,9.5,9.6,10.0,10.7,11.6,12.8,14.7,15.5,15.4,15.4,15.0,14.8,14.3,13.6,12.3,11.4,10.3,9.6
87,9.0,8.1,7.4,6.8,6.5,6.1,5.5,5.4,7.9,10.4,12.5,14.2,15.4,16.6,17.9,18.4,19.0,17.4,15.9,14.4,13.3,12.3,11.4,10.6
88,10.8,10.9,10.8,10.3,10.0,9.5,9.4,9.4,10.5,12.5,14.2,16.1,17.0,18.2,18.9,18.8,18.6,18.2,17.4,16.0,15.1,14.2,12.9,12.1
89,11.4,10.6,10.0,9.4,9.0,8.7,8.2,8.3,10.0,12.6,14.9,16.7,18.9,19.3,20.2,20.4,19.7,18.8,17.5,15.8,14.8,13.8,13.0,12.5
90,12.0,11.3,10.6,10.1,8.9,8.1,7.6,7.2,10.1,12.6,13.9,16.2,15.8,16.5,17.7,17.5,17.8,17.4,16.8,15.1,13.9,13.0,12.0,11.2
91,10.4,10.1,9.5,8.6,7.8,7.7,7.7,8.8,10.6,12.4,14.2,15.8,17.0,17.2,18.8,19.3,19.5,18.5,18.0,16.2,15.1,14.5,13.5,12.4
92,11.4,10.4,9.8,9.1,8.7,8.2,7.8,8.0,9.5,11.7,13.5,15.2,16.1,17.5,18.3,18.8,17.7,17.0,15.8,13.8,12.7,11.8,11.2,10.5
93,9.7,9.5,8.9,8.6,8.4,8.2,7.8,7.6,9.5,12.2,14.8,17.1,18.8,19.9,20.8,21.2,21.5,20.8,19.5,18.1,17.1,16.5,16.1,15.5
94,15.0,14.7,14.4,14.2,13.7,13.5,13.5,13.9,14.6,15.5,16.1,16.9,17.6,16.6,14.3,12.9,12.2,12.0,12.0,12.0,12.1,12.2,12.4,12.5
95,12.6,12.6,11.7,11.2,10.9,10.7,11.0,11.2,11.1,11.9,13.1,12.5,12.6,12.9,12.7,12.4,11.5,11.1,10.2,9.5,8.7,8.0,7.2,6.5
96,5.7,5.4,5.0,4.6,3.9,3.4,3.4,3.1,5.0,6.8,8.3,10.8,12.6,12.7,12.6,13.0,12.4,12.0,11.1,9.4,8.7,8.4,8.1,7.6
97,7.1,7.1,6.6,6.4,6.7,6.9,6.9,7.0,7.8,9.4,11.2,12.6,14.8,16.0,17.0,17.8,17.7,16.9,15.9,14.0,12.7,11.9,10.9,10.3
98,10.0,9.8,10.6,10.6,11.0,11.1,11.0,11.2,11.8,12.1,12.1,11.1,10.9,11.0,11.6,13.9,14.7,14.6,13.8,12.2,11.1,10.2,9.4,8.7
99,8.1,7.8,7.6,7.3,6.7,6.2,6.2,6.7,8.1,10.2,11.2,11.2,11.6,10.7,13.2,13.9,13.2,10.6,10.7,10.8,9.7,9.0,8.4,8.1
100,7.6,7.2,6.8,6.5,6.2,5.8,5.7,5.6,7.2,8.5,10.1,11.2,12.8,13.7,14.1,14.6,15.2,14.8,13.6,11.9,10.6,9.9,9.2,8.6
101,7.9,7.3,6.8,6.7,6.6,6.3,5.8,6.1,8.2,10.6,13.2,14.9,16.3,17.6,18.6,19.0,18.4,17.4,16.4,14.6,13.2,12.2,11.6,11.0
102,10.5,10.2,9.8,9.5,8.9,8.6,8.3,8.4,10.5,13.3,15.6,17.7,19.4,20.6,21.5,21.6,21.8,20.3,18.3,16.4,15.5,14.7,14.0,13.3
103,12.9,12.4,11.9,11.7,11.1,10.9,10.4,10.4,12.7,15.6,18.8,21.1,23.1,24.7,26.4,27.6,28.1,27.8,26.1,24.1,22.7,21.1,19.8,18.7
104,17.3,16.8,16.5,16.1,16.7,16.9,16.4,16.3,17.3,19.0,20.6,22.7,24.7,26.2,27.5,27.4,26.4,25.4,23.7,22.8,22.0,21.2,20.3,18.8
105,18.4,18.0,18.3,17.9,17.8,17.2,17.4,17.1,17.6,17.7,18.2,20.5,20.6,20.6,21.7,21.5,21.2,21.1,20.5,19.9,19.2,18.7,18.4,17.9
106,17.6,17.2,16.7,16.4,15.9,15.7,15.5,15.5,15.9,17.2,18.6,20.1,21.0,20.8,20.6,21.7,22.0,20.9,21.1,19.9,18.8,17.8,16.7,15.7
107,15.3,14.6,14.1,13.8,13.3,12.6,13.0,13.8,15.4,17.1,18.6,19.6,20.7,21.6,22.5,23.1,23.5,23.9,23.1,21.6,19.9,18.8,17.5,16.5
108,15.6,15.1,15.1,14.5,13.6,12.9,12.4,12.6,14.4,16.0,17.4,17.7,18.3,19.8,20.2,20.0,19.8,18.9,18.7,17.5,16.6,16.2,15.3,14.4
109,13.8,13.2,13.0,13.0,12.6,12.6,12.6,13.1,13.7,14.3,15.6,16.6,17.1,18.4,19.2,19.6,18.2,17.2,16.5,15.8,15.5,15.4,15.3,15.0
110,14.4,13.7,13.4,12.9,12.3,11.8,11.3,11.4,11.9,12.9,13.7,14.9,16.6,17.3,17.9,17.8,17.7,17.1,17.2,16.1,14.8,14.2,13.9,14.0
111,13.4,12.6,11.9,11.7,11.4,11.2,11.0,11.6,13.0,13.1,14.7,14.9,16.1,16.9,18.7,19.2,19.7,19.6,18.7,17.6,16.5,15.7,15.5,12.6
112,11.5,11.2,10.4,9.4,8.7,8.8,8.9,8.9,9.1,9.9,11.2,12.7,14.1,13.6,13.8,12.6,13.2,13.2,12.7,12.3,11.9,11.7,11.3,11.0
113,10.8,10.8,10.5,10.2,10.2,9.9,9.6,9.8,10.4,11.2,11.1,12.0,13.5,15.2,11.7,9.3,10.0,10.4,9.9,9.8,9.7,9.2,8.8,8.6
114,8.5,7.8,7.8,7.8,7.9,7.6,7.4,7.6,8.6,10.5,12.3,14.0,15.6,17.0,17.9,18.5,18.4,17.8,16.1,14.8,13.4,12.6,11.9,11.3
115,10.8,10.2,9.5,9.0,8.9,8.8,8.4,8.8,10.9,12.8,14.5,16.2,17.9,18.8,19.4,19.8,19.8,19.5,17.9,16.6,15.2,14.2,13.5,12.9
116,12.5,12.2,12.0,11.4,11.5,11.8,12.4,12.6,12.5,12.7,12.1,12.7,13.8,15.2,15.3,14.8,14.6,15.3,15.5,15.7,15.8,15.8,14.7,14.3
117,13.9,13.6,13.5,12.5,11.8,10.9,10.5,10.8,12.0,12.7,13.8,15.0,17.0,17.4,17.9,18.0,18.2,17.7,16.7,14.9,13.7,12.8,12.3,11.4
118,10.7,10.2,9.7,9.3,8.8,8.3,7.9,9.0,11.7,14.4,16.6,18.4,20.4,22.1,22.7,22.2,21.6,20.2,19.8,19.0,18.0,17.1,16.2,14.9
119,14.7,14.3,13.6,13.4,13.8,14.5,15.0,15.6,16.2,16.5,15.0,14.1,15.2,16.5,16.6,16.9,16.8,16.3,15.4,13.7,12.8,12.3,11.7,11.2
120,10.7,10.5,10.2,10.0,9.4,9.2,8.9,9.8,11.7,13.8,15.6,17.3,18.7,19.6,20.4,20.5,19.6,18.0,16.4,15.1,14.1,13.4,13.2,13.0
121,12.7,12.0,11.5,11.2,10.8,10.2,10.1,10.9,13.1,15.5,17.9,19.0,20.1,20.6,20.9,21.0,21.6,21.1,19.8,17.6,16.3,15.1,14.2,13.4
122,12.8,12.2,12.0,11.8,12.3,12.5,12.7,12.8,12.9,13.2,13.8,14.2,14.1,14.1,14.1,14.1,14.3,14.5,14.4,14.1,13.8,13.8,13.2,12.2
123,11.8,11.2,10.5,9.8,9.6,9.6,10.1,11.3,14.2,16.8,19.3,21.4,23.2,24.3,25.0,25.5,25.3,25.0,24.3,23.0,21.6,20.6,19.9,19.1
124,18.0,17.4,17.7,17.7,17.3,17.1,16.9,17.1,18.4,20.1,21.6,22.3,24.6,25.2,26.6,27.0,27.4,27.4,27.0,26.2,23.7,22.8,21.8,20.7
125,19.9,18.9,18.4,18.1,17.4,16.8,16.6,17.2,19.6,21.9,23.8,25.7,27.2,27.9,28.9,29.5,29.0,28.0,27.2,25.5,24.0,22.5,21.5,20.9
126,20.4,19.9,19.4,19.0,18.7,18.3,18.0,18.6,20.4,22.2,24.2,26.1,27.2,28.7,29.9,30.3,30.6,30.2,29.4,26.6,25.4,24.8,23.6,22.8
127,22.2,22.1,21.7,21.2,21.0,20.9,20.9,21.1,22.3,23.8,24.3,24.9,26.0,25.0,22.1,22.0,21.8,21.1,20.9,20.9,20.9,20.8,20.8,20.8
128,20.8,20.7,20.6,20.5,20.5,20.5,20.6,20.7,20.4,19.7,19.5,19.7,20.0,19.4,19.1,18.5,17.7,17.4,17.0,16.5,16.1,15.9,15.5,15.2
129,14.8,14.6,14.5,14.5,14.4,14.2,14.3,14.3,14.4,14.9,15.4,15.8,16.0,16.2,15.9,15.9,15.9,15.9,16.5,16.5,16.2,15.6,15.3,14.8
130,14.5,14.3,14.3,14.0,13.7,13.7,13.8,14.3,15.1,16.0,16.7,18.5,20.5,22.2,23.1,24.0,24.2,23.6,22.6,21.1,18.8,17.3,16.2,15.3
131,14.7,14.2,13.8,13.6,13.2,12.6,12.5,13.2,16.0,18.2,20.2,22.3,23.7,25.0,25.7,26.4,26.2,25.9,25.3,24.1,22.1,20.8,19.8,19.2
132,18.7,18.3,17.6,16.9,16.8,16.6,16.4,16.7,17.2,18.3,19.8,21.1,22.3,22.9,22.7,22.7,22.4,20.4,19.9,20.0,19.1,17.3,16.9,16.1
133,15.6,15.2,14.8,14.7,14.7,14.6,14.5,14.3,14.6,14.9,15.3,15.7,16.3,16.9,17.7,16.9,17.2,17.5,17.7,17.9,16.9,16.7,16.5,16.1
134,16.0,15.9,15.5,14.9,14.5,14.0,13.8,14.1,15.6,17.5,19.3,21.2,22.0,23.4,23.7,23.5,23.0,23.3,22.2,20.5,18.8,18.3,17.6,17.4
135,16.9,16.4,15.9,15.3,14.8,14.5,14.4,15.4,17.0,19.0,21.0,22.5,23.5,24.7,24.8,24.5,23.7,23.1,22.4,21.3,20.4,19.2,18.8,18.3
136,18.0,17.9,17.7,17.3,16.7,16.5,16.4,16.6,16.9,18.1,19.7,21.1,22.2,23.3,23.8,24.3,24.1,23.4,21.8,20.5,19.4,18.4,17.7,17.1
137,16.4,15.6,15.2,14.9,15.0,15.1,14.5,13.0,12.6,11.9,13.4,15.0,16.3,16.9,17.2,17.5,18.8,19.1,18.4,17.8,16.5,15.5,14.7,14.0
138,13.4,13.3,13.0,12.3,11.9,11.6,11.7,12.7,14.5,16.8,18.7,20.5,21.4,22.1,22.7,22.9,22.8,21.6,20.7,20.6,20.1,19.6,19.4,19.1
139,18.5,17.5,17.0,16.7,16.7,16.5,16.4,15.3,14.7,14.5,15.0,15.3,15.5,15.6,15.9,16.8,18.4,17.9,17.7,16.6,15.8,15.1,14.3,14.0
140,13.9,13.2,13.0,13.2,13.5,13.3,13.1,12.8,12.7,12.5,12.6,12.8,14.5,15.8,17.3,19.0,19.7,19.2,18.2,17.3,16.4,16.1,15.9,15.9
141,15.8,15.3,14.7,14.4,14.1,13.7,13.3,14.1,15.9,17.7,18.9,18.9,18.4,18.3,17.6,16.7,16.0,15.8,15.3,14.8,14.6,14.4,13.7,13.3
142,12.8,12.3,11.8,11.4,11.2,10.9,10.9,11.9,13.8,15.8,18.3,20.3,22.0,23.2,24.1,25.5,26.2,26.1,25.4,24.6,19.0,18.7,18.7,17.8
143,17.5,17.5,17.2,16.8,16.6,16.6,16.8,17.0,17.3,17.4,18.1,19.2,20.1,21.4,22.1,22.8,23.3,23.5,23.5,22.6,21.9,21.7,21.1,20.5
144,19.8,19.1,18.8,18.8,18.9,19.0,17.7,16.8,16.1,16.7,18.7,20.8,22.6,23.7,23.6,23.2,22.5,22.9,22.8,22.4,21.4,20.9,20.2,19.8
145,19.2,18.7,18.1,17.6,17.0,16.6,16.7,17.9,20.1,22.2,24.3,25.7,26.8,28.0,28.8,29.5,29.5,28.7,28.0,26.5,24.7,23.3,22.5,21.9
146,21.4,20.8,20.3,20.3,20.3,19.8,19.5,20.1,21.3,22.1,22.5,22.5,22.6,21.3,20.1,19.7,18.8,18.7,18.6,18.6,18.4,15.5,14.9,14.9
147,14.7,14.4,13.9,13.6,13.4,13.5,13.8,14.4,15.5,17.0,18.3,19.5,20.6,21.3,22.4,23.0,23.1,22.8,22.5,21.1,20.1,19.5,18.7,18.0
148,17.6,17.5,17.4,17.5,17.1,17.4,17.7,17.8,18.0,18.4,19.6,21.8,22.9,24.1,24.9,25.3,25.4,25.2,24.1,23.3,22.0,21.1,20.4,19.7
149,19.1,18.7,18.6,18.9,19.0,19.0,19.1,19.4,20.1,21.1,21.9,23.3,25.1,26.3,27.3,27.7,27.9,27.7,27.2,26.2,24.6,23.5,22.6,21.6
150,21.0,20.4,20.0,19.6,19.5,19.7,19.8,20.2,20.7,21.0,21.1,21.6,21.7,21.4,21.3,22.1,22.8,23.6,23.6,22.7,21.7,20.9,20.6,20.3
151,20.4,19.6,19.4,19.2,19.1,19.0,18.8,19.6,20.6,22.8,24.2,25.7,26.8,27.6,28.6,29.3,29.4,26.4,26.2,25.6,24.6,24.0,23.1,22.3
152,21.8,21.2,20.6,20.2,19.9,19.6,19.6,19.9,21.9,23.5,26.0,27.3,28.9,30.2,31.0,31.3,31.3,31.4,30.9,29.8,28.3,27.2,26.3,25.6
153,24.7,24.2,23.9,23.5,23.0,22.4,22.3,22.7,23.5,24.7,26.1,27.9,28.4,29.3,29.4,29.5,28.9,27.9,26.7,25.1,24.0,23.7,23.1,22.2
154,20.5,20.0,20.3,20.1,20.2,20.6,20.5,20.6,20.5,20.2,21.0,21.7,22.0,22.0,22.4,23.7,23.8,24.1,24.3,23.6,22.3,21.4,20.7,20.3
155,20.0,19.6,19.2,18.9,18.5,18.2,18.6,18.8,19.5,21.6,23.8,25.4,27.0,28.3,28.7,29.9,30.0,29.6,28.4,27.8,26.7,25.8,24.7,24.1
156,23.3,22.8,22.3,21.8,21.5,21.1,21.0,21.4,22.6,24.4,25.8,27.0,28.2,29.1,29.1,29.2,29.3,29.2,27.9,25.9,24.9,24.1,23.5,22.6
157,22.0,21.5,21.0,20.5,20.0,19.6,19.0,19.5,21.5,23.8,25.4,27.4,28.6,29.4,29.6,30.1,29.6,29.4,28.5,26.9,25.8,24.7,23.9,23.4
158,23.0,22.7,22.7,22.5,21.9,21.7,21.5,21.6,21.9,22.0,22.0,21.8,21.5,22.0,22.5,23.0,23.9,24.5,25.2,24.5,23.5,22.8,22.4,22.0
159,21.5,21.1,20.9,20.6,20.3,20.5,20.4,21.7,23.6,25.4,26.1,26.3,27.3,28.3,28.2,28.6,28.7,28.6,27.7,26.5,24.6,23.4,22.6,22.0
160,21.3,21.0,20.6,20.2,19.8,19.6,19.6,19.8,20.4,20.9,21.4,22.8,24.1,24.8,24.1,24.5,24.0,23.4,23.0,22.8,22.4,21.9,21.5,21.2
161,21.0,20.6,20.3,19.8,19.6,19.3,19.1,19.0,19.1,19.4,19.7,20.0,20.3,20.0,20.4,20.7,20.9,21.3,21.2,20.9,20.5,20.0,19.9,19.7
162,19.2,19.2,19.2,19.1,18.5,17.7,17.5,18.0,19.3,20.3,22.2,24.0,25.1,25.7,26.7,27.2,27.1,27.2,26.5,25.5,23.9,22.6,21.7,20.9
163,20.3,19.8,19.3,18.8,18.2,17.7,17.7,18.9,21.1,23.3,25.0,27.0,27.5,28.8,27.9,27.7,27.2,26.2,24.9,23.9,23.1,22.3,21.6,21.2
164,20.9,20.7,20.3,20.0,19.6,19.3,19.3,19.8,20.8,22.2,24.0,25.4,26.5,27.1,27.3,28.3,27.8,28.4,27.4,26.1,24.4,23.2,22.7,22.0
165,21.6,21.0,20.7,20.9,20.5,20.0,19.7,20.6,22.2,23.5,24.0,25.7,26.7,27.9,28.1,23.2,26.5,26.6,25.8,24.1,22.5,22.1,21.3,20.9
166,20.5,20.3,19.9,19.6,19.4,19.0,18.8,19.6,20.3,22.0,23.6,25.0,25.8,26.6,26.7,27.8,22.7,22.6,23.3,23.4,22.2,21.7,21.2,20.7
167,20.2,19.8,19.5,19.0,18.8,18.5,18.5,19.6,21.2,22.9,23.5,25.2,26.0,26.0,26.5,27.4,27.9,26.5,26.1,25.1,23.8,22.8,22.1,21.8
168,21.2,20.9,20.5,20.1,20.0,19.8,19.5,20.4,22.0,24.0,25.4,26.7,27.2,27.6,28.9,29.1,28.9,28.7,27.1,25.2,24.1,23.6,23.1,22.7
169,22.5,22.3,22.2,22.1,21.5,20.5,20.0,19.9,20.4,21.2,21.9,22.6,23.2,23.8,24.9,25.9,26.5,26.0,26.1,24.9,23.6,22.7,22.3,21.9
170,21.4,21.0,20.6,20.3,20.1,19.8,19.9,21.1,22.3,24.2,25.7,26.4,27.4,28.8,29.3,30.4,30.5,30.6,29.4,22.3,22.2,22.4,22.2,22.0
171,22.1,22.0,21.9,21.8,21.7,21.4,21.2,21.0,21.4,21.9,22.9,23.7,25.2,26.5,27.7,28.2,26.0,25.3,25.2,25.0,24.4,23.7,23.3,22.7
172,22.1,22.0,22.0,21.8,21.6,21.3,21.3,22.0,23.6,24.7,25.6,25.9,26.6,26.0,25.7,27.7,27.9,24.1,24.0,24.2,23.6,23.1,22.6,22.2
173,22.0,21.8,21.4,21.3,21.1,21.1,21.1,21.6,22.3,23.0,24.2,25.5,24.7,22.7,25.4,26.9,28.0,28.6,28.3,27.1,26.1,25.6,24.9,24.4
174,23.7,23.1,22.6,22.0,21.7,21.5,21.4,22.4,23.7,25.6,27.0,27.7,28.7,29.8,30.4,30.5,30.6,30.0,29.9,29.0,27.8,27.0,26.4,25.7
175,25.2,24.7,24.5,24.3,24.0,23.8,23.6,23.9,24.4,24.7,25.6,26.8,28.6,29.9,30.8,31.3,31.7,31.2,30.6,30.2,28.9,27.9,27.1,26.3
176,25.7,24.9,24.3,23.7,23.2,22.8,22.4,22.4,22.6,24.0,25.2,25.1,25.2,25.1,25.4,25.2,23.3,22.3,20.9,20.5,20.2,19.8,19.7,19.6
177,19.8,20.1,20.2,20.4,20.6,20.8,21.0,21.2,21.7,22.0,22.1,22.3,22.5,22.7,22.7,23.1,22.5,21.5,21.1,20.9,20.6,20.4,20.3,20.3
178,20.3,20.3,20.2,20.2,20.2,20.1,20.1,20.4,21.1,21.7,22.1,23.1,24.5,25.4,26.1,26.6,26.7,26.4,25.9,25.3,24.9,24.5,23.9,23.5
179,23.0,22.5,22.1,21.8,21.4,21.0,21.1,21.5,22.6,24.2,25.9,26.7,27.8,28.7,29.5,29.7,28.9,28.1,27.6,27.2,26.3,25.8,25.2,24.7
180,24.3,24.0,24.0,24.1,24.0,23.9,23.9,24.3,25.2,26.0,26.7,28.1,28.5,28.6,28.6,29.0,28.9,28.7,28.4,27.8,27.3,25.9,25.5,25.5
181,25.1,24.5,24.3,24.3,24.2,24.0,23.9,24.1,24.3,24.9,25.4,27.4,28.5,29.0,29.1,29.8,29.3,28.6,28.1,26.3,25.2,24.5,24.2,24.0
182,23.8,23.8,23.7,23.7,23.6,23.6,23.6,23.8,24.5,25.0,25.2,25.6,26.3,27.2,27.9,28.6,28.9,28.5,28.0,26.8,25.2,24.4,24.2,23.9
183,24.0,24.1,24.0,23.9,23.8,23.8,23.4,23.2,23.7,24.3,25.1,26.3,27.8,28.9,28.9,28.3,28.3,28.6,27.4,27.1,26.4,26.2,26.1,25.8
184,25.5,25.4,25.1,24.9,24.8,24.7,24.5,24.1,24.3,24.6,25.0,25.4,25.9,26.4,27.0,27.0,27.3,27.5,27.3,27.0,26.7,26.4,26.0,25.2
185,24.8,24.5,24.4,24.3,24.3,24.1,23.8,24.1,25.5,26.3,27.1,28.4,29.2,30.8,31.5,32.2,32.3,32.0,31.6,30.9,30.2,29.6,29.1,28.3
186,27.8,27.3,26.8,26.6,26.4,26.3,26.3,27.1,27.7,28.3,29.1,29.4,30.6,30.3,30.7,31.2,30.8,30.4,30.3,30.0,29.6,28.9,28.4,28.3
187,28.1,27.4,26.9,26.6,26.3,26.1,26.2,27.3,28.5,29.2,30.3,30.8,31.4,32.6,32.6,33.1,32.5,32.5,32.4,31.7,30.9,30.1,29.5,29.1
188,28.4,28.1,27.8,27.3,26.9,26.3,26.2,26.9,28.9,30.2,30.9,32.3,32.5,33.9,33.8,33.1,32.7,32.2,30.4,28.0,27.5,27.3,26.4,26.1
189,25.9,25.6,25.3,24.9,24.6,24.3,24.2,24.7,26.6,28.3,29.8,31.4,32.3,33.2,33.3,34.2,35.0,35.0,33.2,30.3,26.4,26.5,26.6,26.9
190,26.4,25.8,25.5,25.2,25.1,24.8,24.7,25.4,27.1,28.5,29.8,30.3,31.4,31.6,32.4,32.5,32.8,31.6,32.4,30.4,30.1,29.6,29.2,28.7
191,28.1,27.7,27.1,27.1,26.7,26.2,25.7,26.3,27.7,28.8,30.3,30.5,31.6,31.5,32.5,33.1,34.0,33.7,32.5,31.9,30.9,29.9,29.4,27.8
192,27.7,27.5,27.1,26.8,26.4,26.1,25.7,26.2,27.3,29.0,29.7,30.1,30.2,30.1,29.4,24.1,24.3,24.4,24.8,25.7,25.8,25.4,25.3,25.0
193,24.8,24.6,24.4,24.1,23.9,23.7,23.8,24.4,25.6,27.6,29.3,30.3,31.7,31.3,31.2,31.6,31.3,29.2,29.0,28.9,28.6,28.1,27.9,27.6
194,27.4,27.0,26.7,26.4,26.0,25.6,25.3,26.1,27.8,29.5,30.9,32.2,32.6,33.2,33.6,34.3,34.8,35.1,34.7,33.8,32.6,31.7,30.7,29.8
195,29.1,28.5,28.1,27.7,27.4,27.0,26.6,26.6,28.2,29.6,31.0,32.4,33.4,34.4,35.1,35.2,35.7,35.7,34.9,33.9,32.6,31.8,31.4,31.1
196,30.5,29.6,28.9,28.4,27.9,27.3,27.2,27.3,28.7,30.1,31.3,32.2,33.4,33.8,35.0,35.4,35.7,35.3,34.8,33.9,32.5,30.9,30.5,30.0
197,29.6,29.0,28.4,28.1,27.7,27.3,26.9,27.3,29.2,30.6,32.2,33.0,34.3,35.1,35.6,36.3,36.0,36.1,35.4,34.4,32.5,31.6,31.1,30.7
198,30.2,29.4,28.7,28.3,27.9,27.5,27.2,27.4,29.1,30.5,31.8,32.9,33.7,34.7,35.1,35.3,35.7,35.3,34.9,34.0,32.9,31.7,30.9,30.9
199,30.4,29.9,29.5,28.9,28.3,27.9,27.5,27.7,29.2,30.3,31.3,32.7,33.0,33.8,34.5,35.2,35.4,35.0,34.9,34.0,31.5,30.6,30.0,29.6
200,29.2,29.1,29.0,28.5,28.3,28.0,27.9,28.0,29.8,31.3,32.2,32.1,33.4,34.2,34.0,34.5,35.2,34.3,33.3,31.5,30.7,30.1,29.6,29.7
201,29.8,29.5,28.9,28.4,27.9,27.5,27.1,27.5,29.0,30.1,31.1,32.9,33.8,33.9,33.0,34.5,32.5,30.2,30.3,30.3,30.1,30.0,29.7,29.3
202,28.8,28.4,28.1,27.9,27.6,27.3,27.1,27.5,28.1,28.9,30.1,30.5,31.7,33.2,32.9,33.0,32.9,32.1,31.5,31.0,30.1,28.9,28.4,27.8
203,27.4,27.1,26.8,26.4,26.2,26.1,25.8,26.1,27.9,29.5,30.8,32.2,33.2,34.3,35.2,34.8,34.7,34.4,33.4,32.0,31.4,31.1,30.6,30.1
204,29.5,29.1,27.9,27.2,27.1,27.0,26.8,26.9,27.9,28.7,29.4,30.2,32.0,32.7,33.7,34.2,34.1,33.0,32.6,30.9,29.1,28.7,28.3,28.1
205,28.0,27.6,27.4,27.3,27.1,27.0,26.9,26.9,27.4,27.5,26.3,26.8,28.1,28.7,27.7,28.0,28.6,28.6,28.5,28.4,26.2,25.7,25.5,25.3
206,25.1,25.2,25.3,25.2,25.2,25.3,25.3,25.3,25.5,25.6,25.8,26.2,26.8,26.5,27.4,27.9,28.1,28.5,28.3,28.3,27.7,27.1,26.7,26.1
207,25.9,25.6,25.1,24.8,24.4,24.3,24.2,24.6,26.1,27.3,28.0,28.5,29.9,30.1,29.9,31.3,30.0,31.0,30.7,30.0,28.9,28.4,28.0,27.7
208,27.5,27.3,27.2,26.9,26.7,26.5,26.4,26.6,27.4,28.6,29.9,30.9,31.4,31.8,32.6,32.3,32.8,31.3,31.0,30.0,28.9,28.0,27.5,27.0
209,26.5,26.3,26.0,25.8,25.7,25.6,25.6,25.9,27.5,29.2,30.4,31.0,31.8,32.6,32.8,33.5,32.8,32.8,32.4,31.4,29.9,29.2,28.4,27.9
210,27.5,27.2,27.0,26.7,26.6,26.3,26.2,26.5,27.7,29.2,30.3,31.0,31.7,31.9,28.3,28.0,28.6,29.3,29.3,28.8,28.3,27.4,26.3,26.2
211,26.0,25.7,25.0,24.4,24.1,23.6,23.4,23.7,25.1,26.5,28.0,29.5,30.3,30.6,30.9,32.0,32.0,32.0,31.7,30.3,29.2,28.6,28.3,27.6
212,26.8,26.3,25.8,25.3,25.1,24.8,24.5,24.7,25.6,26.7,28.5,30.2,31.0,31.8,32.0,31.5,26.8,25.3,25.4,25.1,25.1,25.1,24.9,25.0
213,24.7,24.3,23.7,23.5,23.4,23.3,23.5,23.9,25.3,28.0,28.5,30.6,31.1,32.2,32.9,33.3,33.6,33.2,32.0,31.0,29.5,28.6,27.8,27.2
214,26.6,26.1,25.7,25.2,24.9,24.5,24.3,24.5,26.0,27.5,28.6,30.0,30.1,30.5,31.6,31.7,31.7,31.1,30.3,28.8,27.6,26.7,26.1,25.9
215,25.6,25.2,24.8,24.7,24.4,24.4,24.3,24.2,24.4,25.3,26.6,28.3,29.5,30.0,30.0,31.4,31.4,31.2,30.6,29.7,28.5,27.6,27.1,26.7
216,26.1,25.6,25.2,24.9,24.5,24.4,24.1,24.3,25.4,27.0,28.2,29.8,30.9,30.7,31.0,31.1,30.7,30.8,27.5,26.2,25.2,24.6,24.2,24.1
217,24.1,23.8,23.5,23.4,23.5,23.5,23.6,24.2,24.9,26.0,26.3,27.1,27.7,28.4,28.8,29.6,30.0,29.8,29.3,28.5,27.6,27.1,26.7,26.4
218,26.0,25.5,25.0,24.4,24.1,23.8,23.5,23.7,24.5,25.2,25.7,26.6,27.8,28.8,29.8,30.2,29.8,29.8,28.7,27.3,26.0,25.2,24.7,24.2
219,23.8,23.6,22.9,22.3,21.9,21.7,21.7,22.0,23.8,25.6,27.3,28.7,29.7,30.6,31.8,30.9,31.8,32.1,31.1,29.9,28.8,28.1,27.1,26.4
220,25.7,25.1,24.5,23.9,23.4,23.0,22.6,22.8,24.2,25.9,27.4,28.9,30.0,31.3,31.8,32.2,32.7,32.0,31.1,29.8,27.5,26.2,26.2,26.5
221,26.5,25.8,24.8,24.1,23.6,23.2,23.1,23.1,24.3,25.9,27.6,29.0,30.2,30.4,31.0,30.2,30.1,30.5,28.1,25.5,24.2,23.5,22.7,22.2
222,21.9,21.6,21.5,21.3,21.2,21.0,20.7,21.1,20.7,20.8,21.6,23.5,25.4,27.8,28.8,29.8,30.3,30.1,28.6,26.8,25.6,24.7,24.1,23.5
223,23.1,22.6,21.8,21.6,21.1,21.0,21.0,21.2,22.9,24.5,26.6,26.7,28.7,29.7,29.6,31.0,30.8,30.7,29.6,28.7,27.4,26.6,25.9,25.4
224,25.0,24.5,24.2,24.0,23.6,23.0,22.7,22.7,24.3,25.8,27.8,28.9,29.5,29.6,29.5,29.0,30.3,30.2,29.1,28.5,28.0,27.7,27.1,26.7
225,24.8,24.5,24.0,24.1,24.1,24.1,24.4,24.3,24.2,23.9,23.0,22.7,22.0,21.4,23.4,25.0,25.5,24.8,23.9,23.6,23.2,23.3,23.3,23.4
226,23.4,23.3,23.2,23.1,22.9,22.6,22.5,23.0,23.6,24.2,24.9,25.0,26.0,26.6,26.6,26.3,26.0,26.1,25.5,25.2,24.8,24.3,24.0,23.5
227,23.1,22.8,22.3,22.0,21.9,21.9,21.9,22.0,22.5,22.9,23.4,23.9,24.0,23.9,23.7,23.6,23.2,23.2,22.9,22.1,21.3,21.1,21.0,21.1
228,21.1,21.3,21.4,21.6,21.4,21.1,21.2,21.5,21.8,22.2,22.5,23.7,24.1,24.2,24.5,25.9,26.4,25.8,24.8,24.1,23.4,23.6,23.8,23.8
229,23.9,23.9,23.8,23.8,23.7,23.7,23.6,23.6,23.8,24.5,24.9,25.6,25.7,25.5,26.0,27.2,26.9,26.8,26.3,25.6,25.1,24.8,24.4,24.0
230,23.8,23.9,23.9,23.7,23.3,23.1,22.9,23.1,23.8,24.7,25.1,25.6,25.9,25.9,27.0,27.7,27.3,27.6,27.3,26.8,26.4,26.3,26.0,25.8
231,25.5,25.2,25.0,24.8,24.6,24.3,23.9,23.6,23.5,22.7,22.7,22.8,22.6,22.9,22.9,21.9,22.0,21.8,21.7,21.6,21.4,21.2,20.8,20.5
232,20.4,20.3,20.3,20.4,20.2,20.1,19.8,20.0,20.7,21.4,22.6,24.1,25.8,26.5,27.5,27.9,27.5,26.5,26.0,25.0,24.2,23.9,23.9,23.7
233,23.5,23.4,23.2,23.1,23.1,22.9,22.6,22.3,22.0,22.1,22.9,23.7,24.9,24.9,25.0,25.1,25.6,26.1,25.4,24.6,24.0,23.7,23.4,22.9
234,22.5,22.2,22.1,22.0,21.8,21.5,21.3,21.4,22.0,22.9,24.2,25.1,25.4,26.2,26.9,27.4,27.4,27.6,26.8,26.2,25.4,24.6,24.1,23.6
235,23.1,22.4,22.2,21.9,21.8,21.7,21.6,21.6,21.9,22.3,22.7,22.8,23.0,20.6,20.3,19.9,19.2,18.5,18.2,18.1,18.1,18.1,18.3,18.5
236,18.7,18.6,18.5,18.7,18.8,18.9,19.1,19.3,19.6,20.1,20.5,21.1,21.7,22.2,23.2,23.4,23.7,23.5,23.4,23.2,23.0,22.9,22.7,22.3
237,21.6,21.5,21.2,21.0,20.8,20.9,20.7,20.8,21.4,22.7,23.5,23.5,25.3,25.8,26.7,26.2,25.7,25.8,25.4,24.9,24.1,23.8,23.4,23.0
238,22.7,22.5,22.3,21.6,21.1,20.6,20.7,21.0,22.5,23.7,25.1,26.2,26.7,27.8,28.6,28.8,29.0,28.7,28.0,26.3,25.0,24.0,23.1,22.2
239,21.2,20.4,19.8,19.4,18.9,18.7,18.6,18.9,20.6,22.4,23.9,24.9,26.0,27.1,27.7,28.5,27.4,27.0,26.3,25.2,24.3,23.3,22.5,21.9
240,21.1,20.6,20.1,19.8,19.7,19.4,19.5,19.7,20.8,22.4,22.9,24.7,25.7,26.8,26.9,26.9,26.3,26.0,25.4,24.4,23.7,23.1,22.6,22.5
241,22.0,21.6,21.1,21.0,20.8,20.7,20.8,20.9,21.5,23.2,23.6,24.6,26.0,26.3,26.3,25.9,25.2,24.6,23.8,23.0,21.1,19.7,19.1,18.5
242,18.0,17.7,17.7,17.6,17.6,17.7,17.9,18.2,18.5,19.0,19.2,19.6,19.9,20.5,20.7,20.8,20.8,20.9,20.9,20.8,20.7,20.4,20.3,20.2
243,20.0,20.0,19.7,19.5,19.3,19.2,19.0,19.1,19.5,20.5,22.5,23.3,24.3,25.5,26.1,26.0,26.7,26.6,25.5,23.8,22.7,22.1,21.6,21.0
244,20.6,20.2,20.0,19.7,19.3,19.2,19.4,19.6,20.4,22.0,23.5,24.6,25.2,26.5,28.0,28.4,29.0,28.7,27.2,25.8,24.8,24.1,23.3,22.6
245,22.2,21.8,21.4,20.9,20.3,20.0,19.6,19.5,20.6,22.0,23.4,24.3,25.8,27.5,28.2,28.8,28.6,27.6,26.5,25.0,24.0,23.2,22.8,22.4
246,22.0,21.5,21.1,20.9,20.7,20.4,20.1,20.0,21.2,22.5,23.4,25.4,25.9,27.7,28.8,29.3,29.0,28.0,27.1,25.2,24.5,23.9,23.1,22.5
247,22.0,21.6,21.3,20.7,20.2,19.7,19.4,19.4,20.5,22.1,24.0,25.9,27.2,28.5,29.0,29.5,29.8,29.5,28.2,26.7,25.3,24.6,23.8,23.0
248,22.2,21.2,21.0,21.0,21.1,21.1,20.9,21.0,22.3,23.1,23.4,24.6,26.6,28.2,29.4,30.2,29.1,29.1,28.2,27.1,26.0,25.2,24.6,24.1
249,23.5,23.0,22.4,21.7,21.2,20.8,20.2,20.0,20.9,22.7,24.7,25.8,27.1,28.1,28.8,29.3,29.3,29.4,28.4,26.9,25.6,24.9,24.0,23.1
250,22.2,21.5,21.1,20.9,20.5,20.2,19.7,19.7,21.9,23.8,25.2,26.4,27.4,28.0,28.8,28.1,28.0,27.3,25.9,24.1,22.9,22.2,21.7,21.1
251,20.8,20.2,19.7,19.4,19.0,18.5,18.1,18.5,20.3,22.1,23.9,25.0,26.0,26.7,27.0,27.1,26.7,26.2,25.4,24.4,23.7,23.0,22.6,22.3
252,21.7,21.5,21.0,21.0,21.0,20.8,20.7,20.6,21.0,21.7,22.9,23.6,26.1,26.9,27.6,27.9,27.8,27.6,26.3,24.9,23.9,23.2,22.6,22.0
253,21.3,20.5,19.9,19.4,19.2,19.1,19.0,19.0,21.0,22.8,24.9,26.1,26.7,28.0,28.1,29.3,29.2,27.6,27.1,25.7,24.9,24.1,23.5,23.0
254,22.5,22.0,21.6,21.5,21.5,21.4,21.3,21.2,22.0,23.2,24.8,26.2,26.9,26.6,26.8,27.5,27.3,26.7,25.7,24.7,23.5,22.7,22.2,21.4
255,20.8,20.3,20.1,19.9,19.5,19.2,19.1,19.2,20.9,23.1,24.4,24.8,26.0,26.8,27.5,28.0,27.5,27.2,25.8,25.1,24.9,24.5,24.2,23.8
256,23.5,21.9,20.9,20.8,20.6,20.7,20.7,20.8,21.1,21.2,21.2,21.4,22.9,24.2,25.2,26.1,25.5,25.4,24.3,23.3,23.1,22.8,21.3,19.5
257,17.4,17.6,17.4,17.1,17.0,16.8,17.0,17.5,18.1,19.7,21.2,22.5,23.1,22.9,23.8,23.7,24.1,23.8,22.4,21.3,20.7,20.5,19.7,18.8
258,18.1,17.5,17.2,16.9,17.2,17.4,18.3,17.9,18.4,19.9,21.2,22.2,22.9,23.6,24.2,24.8,25.6,24.5,23.8,22.7,22.0,21.1,20.4,19.8
259,19.2,18.6,17.9,17.4,17.1,17.1,16.8,17.1,18.6,20.7,22.5,24.1,25.0,25.6,26.8,26.5,26.2,26.0,25.4,24.2,23.3,22.4,21.6,20.9
260,20.4,20.1,19.6,19.1,18.8,18.7,18.9,18.9,19.4,20.6,21.4,22.1,22.7,22.6,22.8,23.0,23.0,23.0,22.8,22.0,21.7,21.5,21.3,21.1
261,20.9,20.6,20.2,20.1,19.8,19.3,18.9,18.5,19.4,21.2,22.9,24.0,24.7,26.0,26.5,26.6,27.2,26.1,24.9,24.1,23.6,23.1,22.4,21.4
262,20.9,20.4,20.0,19.4,19.0,18.9,18.7,18.8,19.3,20.4,21.3,22.9,24.6,24.2,24.6,24.1,23.6,23.2,22.8,22.4,22.0,21.7,21.4,21.2
263,20.8,20.6,20.3,19.9,19.7,19.6,19.6,19.6,19.9,20.6,20.8,22.9,24.0,24.3,23.8,24.0,23.7,23.4,22.9,21.8,21.5,20.8,20.4,20.1
264,20.1,20.2,20.3,20.4,20.5,20.5,20.4,20.5,20.9,21.1,20.9,21.1,21.2,20.5,20.6,20.8,20.9,20.5,20.2,19.8,19.6,19.3,18.8,18.3
265,17.8,17.5,17.2,17.0,16.8,16.4,16.1,16.4,16.9,17.4,18.3,20.3,22.1,24.0,25.4,25.8,25.7,25.6,24.2,22.7,21.7,20.9,20.4,19.7
266,19.2,18.7,18.3,17.7,17.4,17.2,17.0,17.0,17.5,19.8,21.4,23.0,24.6,26.0,27.2,27.2,26.9,25.7,23.9,22.5,21.8,21.5,21.4,17.2
267,17.0,16.6,16.8,16.6,16.7,16.5,16.6,16.9,17.5,18.8,20.9,21.7,23.5,24.2,25.7,26.2,26.1,25.2,23.7,22.5,21.1,20.8,20.3,19.9
268,19.5,19.1,18.7,18.1,17.7,17.4,17.1,17.2,18.0,19.9,21.8,23.8,26.0,27.5,28.6,28.7,27.9,26.8,25.8,24.7,23.6,22.4,21.6,20.7
269,20.2,19.5,19.3,19.4,19.6,19.9,20.2,20.3,20.7,21.3,22.1,23.4,24.3,24.5,25.4,25.5,25.4,25.3,24.1,24.0,23.9,24.0,24.1,24.1
270,24.1,23.9,23.7,23.5,23.3,23.2,23.2,22.9,23.3,23.6,24.0,24.4,25.4,25.7,26.4,25.5,25.4,24.8,23.5,23.2,22.7,22.5,22.1,22.1
271,21.7,21.5,21.2,20.3,19.3,18.9,18.5,18.2,18.1,18.0,18.0,18.0,18.2,18.4,18.4,18.6,19.3,19.9,19.2,18.6,18.4,18.7,18.7,18.7
272,18.8,18.8,18.8,18.8,18.9,18.8,18.4,18.4,18.6,19.0,19.7,20.0,20.6,21.3,21.8,21.4,21.1,20.9,20.1,19.5,19.2,19.0,18.6,18.2
273,17.9,17.7,17.7,17.7,17.6,17.5,17.5,17.5,17.9,18.6,19.2,19.3,19.6,19.8,20.0,19.8,19.7,19.6,19.3,19.1,18.8,18.7,18.7,18.8
274,18.9,19.0,18.9,18.8,18.6,18.6,18.8,18.8,18.8,19.2,20.7,21.3,22.1,22.3,22.9,23.1,23.4,24.0,23.1,22.2,21.7,21.3,21.1,20.8
275,20.4,20.3,20.4,20.5,20.6,20.6,20.7,20.8,21.5,22.5,23.6,23.7,24.1,21.9,21.2,20.5,20.2,19.7,19.1,18.2,17.6,16.6,15.6,15.1
276,14.9,14.1,13.5,13.4,13.1,12.9,12.8,12.6,12.8,13.5,15.0,15.3,16.2,16.5,16.6,17.0,17.5,17.2,16.7,16.1,15.6,16.1,16.2,16.3
277,16.2,16.1,15.8,15.9,15.9,16.0,16.0,16.0,16.4,17.4,19.7,19.7,19.4,19.7,20.7,20.7,21.3,20.0,19.3,18.5,18.0,17.6,17.2,16.9
278,16.7,16.2,15.9,15.5,15.1,15.0,15.1,14.9,15.5,18.0,19.6,21.5,22.1,23.3,24.0,24.2,25.0,24.0,22.4,21.4,20.7,20.5,20.3,19.8
279,19.3,18.3,18.1,18.0,18.0,17.9,17.7,17.4,17.8,18.5,20.0,21.0,21.7,22.5,23.4,23.8,23.6,22.5,20.6,19.8,19.1,18.9,18.6,18.7
280,18.5,18.5,18.3,18.1,17.6,17.3,17.1,17.0,17.2,17.7,18.3,18.8,19.6,20.9,21.4,21.2,20.9,20.6,20.2,20.0,19.9,19.8,19.3,18.8
281,18.1,17.5,17.0,16.4,15.7,15.3,14.6,13.4,13.1,13.8,12.8,12.8,12.6,11.6,11.0,10.2,9.3,8.7,7.9,7.0,6.3,5.5,5.0,4.4
282,4.2,3.6,3.2,2.5,2.4,2.1,1.6,1.3,1.6,2.9,5.0,6.1,7.9,9.1,9.8,10.6,10.5,10.3,8.5,7.6,6.8,5.8,5.5,5.0
283,4.8,4.2,3.5,3.2,3.1,2.9,3.2,3.0,4.3,6.8,8.0,11.0,12.7,15.5,15.7,15.2,14.4,14.3,14.0,13.8,12.3,11.5,10.7,10.4
284,10.4,10.4,10.5,10.6,10.4,10.5,10.5,10.3,10.7,11.4,11.7,12.1,13.4,14.5,14.4,14.1,14.0,12.8,11.3,10.4,9.5,8.9,8.6,7.7
285,7.1,6.6,6.2,5.8,5.4,5.1,4.8,4.8,5.2,8.0,10.1,12.1,13.6,15.0,15.2,15.5,15.0,14.0,12.3,10.9,10.1,9.2,8.4,7.8
286,7.0,6.7,6.4,6.0,5.7,5.6,5.4,5.0,5.3,8.0,9.6,11.2,13.3,14.8,15.8,15.7,15.6,13.9,12.3,11.4,10.6,9.7,9.2,8.5
287,8.0,7.3,6.8,6.6,6.3,6.0,5.5,5.2,5.7,7.9,10.7,12.9,14.7,15.9,16.5,16.6,17.2,16.2,14.3,13.3,12.9,11.9,10.6,9.7
288,9.2,8.6,8.2,7.6,7.1,6.9,6.2,5.9,6.4,9.2,11.9,14.0,16.3,17.5,18.0,18.3,17.5,16.0,14.0,12.9,11.5,10.7,9.9,9.5
289,9.1,8.4,7.8,7.3,6.9,6.7,6.6,6.1,6.5,9.1,11.7,13.7,15.8,16.2,16.7,17.6,17.5,16.4,14.2,13.0,11.8,10.8,10.3,9.8
290,9.4,8.9,8.4,8.0,7.6,7.0,6.7,6.4,6.7,9.5,12.2,15.1,16.0,16.5,17.0,17.2,17.3,16.3,14.3,12.9,11.8,11.4,11.1,11.0
291,10.4,9.9,9.2,8.8,8.5,8.1,7.9,7.7,7.9,9.9,12.3,14.7,17.1,17.6,18.0,18.7,18.0,17.0,15.6,14.9,14.3,13.6,13.0,12.5
292,12.4,12.2,12.0,11.9,11.9,11.8,12.4,12.6,12.2,12.4,13.4,14.6,15.5,16.3,17.3,17.8,18.0,16.6,14.8,13.8,13.2,12.6,11.3,10.3
293,9.9,9.7,8.9,8.2,7.8,7.5,7.4,7.2,7.5,10.2,13.1,15.0,16.3,17.8,18.9,19.1,19.4,18.3,15.9,14.6,13.5,12.5,11.9,12.0
294,11.8,11.8,11.6,11.1,10.8,10.6,10.6,10.7,11.2,13.2,14.9,16.5,18.2,18.9,20.0,20.5,20.3,18.6,16.8,15.5,14.6,13.9,13.3,12.6
295,12.4,12.0,11.6,11.5,11.5,11.2,11.1,11.1,11.6,12.5,13.6,14.7,16.2,16.4,16.7,17.6,17.6,17.4,16.2,15.3,14.3,13.5,13.0,12.5
296,11.8,11.3,11.0,10.6,10.1,9.9,9.6,9.2,9.9,11.8,14.0,16.1,18.0,18.8,19.9,19.8,19.5,17.6,16.4,15.7,15.3,14.3,13.5,12.9
297,12.6,12.3,12.6,12.0,11.5,11.0,10.8,10.5,10.4,11.6,13.3,14.0,15.5,16.4,16.2,16.8,16.6,14.8,14.0,13.3,12.5,11.6,11.2,10.7
298,10.5,9.9,9.4,9.0,8.6,8.0,8.1,8.0,8.4,9.7,11.8,13.2,14.1,14.9,16.0,16.7,15.8,14.5,13.3,12.5,12.0,11.4,10.9,10.5
299,10.0,9.6,9.3,9.0,8.9,8.4,8.0,7.7,7.8,9.4,12.4,13.7,15.3,15.9,16.6,17.0,16.1,15.2,14.0,13.3,12.5,11.8,11.7,12.1
300,12.0,12.0,11.2,10.5,9.8,9.3,8.9,8.6,8.6,10.5,12.1,14.1,15.0,15.3,15.3,15.7,16.0,15.5,14.2,13.2,12.3,11.7,11.3,10.8
301,10.2,9.8,9.4,9.1,8.8,8.4,8.0,7.9,8.0,9.7,12.4,14.1,15.6,17.6,19.7,20.2,19.7,18.3,16.2,15.1,14.0,13.4,12.7,11.9
302,11.5,10.9,10.4,9.9,9.4,9.3,9.0,8.9,9.1,10.8,13.5,16.2,18.2,19.3,20.7,21.1,20.8,19.0,17.4,15.9,14.8,14.2,13.7,13.2
303,12.3,11.5,11.2,11.1,10.4,10.3,10.0,9.8,9.7,12.0,15.2,17.4,19.1,20.4,20.9,20.2,19.7,19.0,18.0,17.0,16.6,16.7,16.1,15.7
304,15.5,15.4,15.1,15.0,14.9,15.1,15.2,14.0,13.6,10.5,8.3,6.6,6.5,6.7,6.8,6.7,6.5,5.7,5.4,5.0,5.0,4.7,4.8,4.7
305,4.5,4.5,3.9,3.5,3.1,3.4,3.8,3.9,3.7,4.1,4.8,5.6,6.0,5.8,5.9,5.8,6.2,6.4,6.3,6.2,6.2,5.8,5.6,4.7
306,3.5,2.5,1.9,1.4,1.2,0.7,1.2,1.2,1.3,2.1,3.8,5.1,6.5,6.2,5.9,7.1,7.1,6.2,5.9,5.6,5.5,5.4,5.1,4.5
307,4.2,4.0,3.9,3.7,3.3,2.4,2.3,2.4,2.6,4.2,6.8,8.4,9.0,9.1,8.3,8.8,8.1,7.4,6.5,5.8,5.2,4.6,4.2,3.8
308,3.2,3.0,3.0,2.9,2.7,2.4,2.1,1.5,1.6,2.8,4.6,6.2,7.0,7.7,8.0,8.2,7.6,6.8,5.9,5.4,4.9,4.5,3.6,3.1
309,2.8,2.3,2.0,1.8,1.8,1.3,0.9,0.6,0.8,2.9,5.7,8.2,9.8,11.2,12.9,12.7,12.7,12.3,11.3,10.4,9.7,9.4,9.3,9.2
310,9.3,9.0,8.8,8.7,8.5,7.9,7.9,8.0,7.9,8.8,10.3,13.1,15.5,16.1,16.2,15.9,15.5,14.3,13.3,12.3,11.7,10.9,10.2,9.7
311,9.3,8.7,8.1,7.5,7.6,6.7,6.4,6.0,5.9,7.2,9.8,12.0,14.3,14.7,14.7,15.7,15.0,13.3,12.3,11.4,10.4,9.4,9.0,8.8
312,8.2,7.9,7.7,7.0,6.4,6.0,5.0,4.6,4.6,5.7,8.3,10.8,11.7,12.5,13.3,13.3,13.0,11.4,10.0,9.3,8.6,8.0,7.8,7.4
313,7.0,6.1,5.5,4.9,4.6,4.1,3.6,2.7,2.7,4.1,6.9,9.6,10.5,12.0,12.2,11.9,11.1,10.1,9.2,8.5,7.9,7.5,7.3,7.5
314,7.9,7.8,7.9,8.2,8.2,8.3,8.2,8.3,8.5,9.1,9.9,10.8,13.1,14.3,15.8,15.7,15.1,14.9,14.4,14.0,13.9,13.7,13.2,12.9
315,12.7,12.2,12.0,11.7,11.6,11.5,11.4,11.4,11.8,12.4,13.3,14.4,15.2,15.4,16.2,16.4,16.0,15.1,14.0,13.1,12.6,11.9,11.4,10.8
316,10.2,9.7,9.1,8.7,8.0,7.9,7.4,7.0,7.0,8.0,9.5,11.0,12.9,14.4,15.0,15.5,15.0,13.3,12.0,10.8,10.3,9.8,9.2,9.2
317,9.2,9.1,9.2,9.1,8.9,8.8,8.6,8.7,8.9,9.4,9.8,10.7,11.4,12.7,13.1,12.9,12.8,12.7,11.7,11.7,11.6,12.2,11.8,10.5
318,7.6,6.8,6.3,6.5,5.6,4.5,4.0,3.0,2.8,3.1,4.0,4.3,4.0,3.9,3.0,3.0,3.2,2.1,1.6,1.1,0.7,0.3,-0.1,-0.4
319,-0.6,-0.9,-1.2,-1.8,-2.4,-2.7,-3.2,-3.5,-3.5,-2.2,-1.0,0.0,1.0,1.9,1.6,2.0,1.8,1.6,1.1,0.6,0.3,-0.4,-0.7,-1.1
320,-1.6,-2.0,-2.3,-2.5,-1.8,-1.1,-1.0,-1.0,-1.1,0.1,2.9,6.0,8.3,8.3,8.3,8.5,8.9,8.4,7.8,7.2,6.9,6.4,6.1,5.2
321,4.9,4.7,4.6,5.1,4.8,5.4,4.5,4.0,3.7,4.4,6.5,7.5,8.0,9.0,9.8,9.5,9.4,7.9,6.8,5.9,5.1,4.6,3.7,3.1
322,2.6,1.6,1.1,0.6,0.0,0.2,-0.4,-0.4,-0.1,1.4,4.0,6.0,7.1,6.6,6.2,5.3,4.8,4.7,4.1,3.8,3.6,3.0,2.3,1.9
323,1.8,1.3,1.0,0.7,0.0,-0.3,-0.6,-1.2,-1.3,0.0,2.8,4.5,6.3,7.1,8.6,9.9,9.2,7.3,5.7,4.6,3.8,3.1,2.6,2.2
324,1.9,1.2,0.6,0.3,0.1,-0.3,-0.8,-0.9,-1.3,1.1,3.8,6.5,8.8,11.3,12.0,12.0,11.1,9.8,8.5,7.0,6.2,5.6,5.6,5.2
325,4.9,4.4,4.1,3.8,3.2,2.6,2.6,2.9,3.7,4.5,6.3,8.2,9.7,10.9,12.6,13.1,13.3,11.6,11.1,10.3,9.3,8.4,8.6,8.2
326,7.9,7.7,7.5,8.0,8.3,7.5,6.9,6.8,7.0,7.2,7.3,7.5,7.7,8.1,8.6,8.0,6.8,5.5,4.6,3.8,3.1,2.4,1.6,1.1
327,0.7,0.0,-0.6,-0.9,-1.3,-1.7,-2.1,-2.5,-2.7,-2.2,-1.5,-0.8,-0.5,0.1,0.6,1.1,1.4,0.0,-0.8,-1.2,-1.7,-2.1,-2.4,-2.8
328,-2.9,-2.9,-3.1,-3.4,-3.5,-3.7,-4.3,-4.2,-4.6,-3.1,-0.2,1.9,4.0,3.4,3.9,4.1,4.5,4.7,4.8,4.7,4.8,4.8,4.4,4.1
329,3.5,2.9,3.2,4.4,4.3,3.6,2.7,2.0,1.5,2.1,2.8,3.2,3.2,3.4,3.6,4.0,3.3,2.0,1.0,0.5,0.2,-0.5,-0.8,-1.4
330,-1.8,-2.1,-1.8,-2.0,-2.5,-2.5,-2.6,-2.5,-2.3,-1.2,0.1,3.7,5.5,5.7,6.2,6.8,6.1,4.9,3.8,3.2,2.3,1.6,0.9,0.1
331,-0.4,-0.6,-1.2,-1.6,-1.8,-1.8,-1.9,-2.0,-2.2,-1.0,2.2,4.3,6.3,7.5,9.1,9.1,9.2,8.0,6.3,5.3,4.6,3.7,3.3,2.9
332,1.9,1.5,1.0,0.8,0.6,0.1,-0.4,-0.7,-0.7,0.9,4.1,6.3,8.4,11.0,11.9,11.5,11.0,10.0,8.9,8.0,7.4,7.0,6.8,6.2
333,6.0,5.7,5.0,4.5,3.9,3.6,3.2,2.8,2.6,3.2,5.3,8.4,9.0,11.0,12.6,13.0,12.5,10.8,9.3,8.5,7.7,6.9,6.3,5.7
334,5.3,4.9,4.7,4.0,3.3,3.0,2.7,2.2,2.1,2.7,5.6,7.8,10.1,11.6,12.7,13.2,12.8,10.9,9.1,8.1,7.2,6.5,6.1,5.7
335,5.5,5.0,4.5,3.9,3.4,3.0,2.8,2.8,3.1,4.2,5.1,6.9,8.3,9.0,9.3,9.6,9.4,8.9,8.3,7.5,7.4,7.3,7.1,7.2
336,7.3,7.2,7.0,6.7,6.8,7.0,7.1,7.1,7.2,7.4,7.4,7.2,7.3,7.8,8.1,8.2,7.9,8.0,7.6,7.2,6.8,6.1,5.9,6.0
337,5.9,5.4,5.1,5.0,4.8,4.8,4.7,4.7,4.5,4.7,5.9,6.9,8.5,8.7,9.3,8.5,7.9,7.1,6.5,5.9,5.2,5.0,4.6,4.6
338,5.0,4.7,4.8,4.3,3.7,3.1,2.9,2.7,2.0,1.9,2.4,3.2,4.0,4.1,3.8,3.5,2.4,0.7,-0.7,-1.8,-2.5,-2.9,-3.2,-3.5
339,-3.8,-3.9,-4.1,-4.8,-5.0,-5.2,-5.6,-5.8,-5.7,-5.1,-3.5,-2.4,-0.7,-0.1,0.5,1.4,1.7,0.6,-0.4,-0.8,-1.6,-1.5,-1.0,-0.8
340,-0.7,-0.3,0.0,-0.1,0.0,0.0,0.0,0.1,0.1,0.5,1.1,2.9,4.7,6.2,8.1,7.1,6.9,6.5,6.0,5.7,5.5,5.6,5.7,5.8
341,5.8,5.7,5.8,5.5,5.5,6.1,6.2,6.4,6.5,6.7,6.9,8.0,9.5,9.6,9.3,9.6,9.4,8.7,8.1,7.7,6.9,6.8,6.5,6.2
342,5.4,5.2,5.3,5.3,5.2,4.9,4.7,4.4,4.2,4.5,5.1,6.1,8.6,9.5,9.4,9.7,9.3,8.2,7.4,7.1,7.3,7.3,6.4,4.3
343,3.3,2.6,1.9,0.3,-1.1,-2.1,-3.1,-3.9,-4.6,-4.8,-4.5,-4.3,-4.3,-4.1,-4.5,-4.9,-6.1,-7.7,-8.5,-8.8,-9.2,-9.6,-9.6,-9.9
344,-10.1,-9.9,-9.9,-10.2,-10.6,-10.8,-10.7,-10.9,-11.1,-9.6,-7.0,-4.4,-3.0,-2.3,-1.9,-1.9,-3.0,-2.8,-3.4,-3.8,-4.3,-4.5,-4.0,-3.2
345,-2.5,-0.5,-1.9,-2.6,-3.0,-3.5,-4.4,-5.2,-5.7,-4.9,-2.8,-1.2,0.6,1.5,3.0,3.6,4.0,3.0,2.0,1.0,0.3,-0.2,-0.6,-0.7
346,-0.9,-0.5,-0.6,-0.3,-0.1,-0.5,0.2,0.5,0.2,0.7,3.0,5.2,8.8,10.2,11.0,10.5,10.2,9.6,8.8,8.2,7.6,6.8,6.6,6.6
347,5.9,5.4,5.6,5.6,5.6,5.8,5.4,5.2,5.7,6.0,7.1,7.3,7.4,7.7,8.1,8.5,8.2,6.9,5.5,4.4,3.5,2.6,1.6,1.5
348,0.8,0.1,-0.3,-1.0,-1.7,-2.1,-2.1,-2.3,-2.4,-1.3,1.1,3.6,5.9,7.0,7.8,8.0,7.4,6.2,4.7,3.7,3.0,2.5,1.7,1.1
349,0.8,0.2,-0.2,-0.5,-1.0,-1.3,-1.2,-1.1,-1.4,-1.0,0.8,2.7,5.4,7.7,8.2,8.0,7.6,6.5,5.0,3.9,3.7,3.5,2.8,2.6
350,2.0,1.9,2.0,1.7,2.0,1.5,1.8,2.2,2.5,2.7,2.7,2.8,3.2,2.5,2.6,2.1,1.6,0.5,-1.4,-2.8,-3.7,-5.2,-6.0,-6.6
351,-7.3,-8.3,-9.4,-10.1,-10.8,-11.4,-12.3,-13.0,-13.3,-13.1,-12.2,-11.5,-10.8,-10.3,-9.1,-8.4,-8.9,-9.9,-10.9,-12.1,-13.2,-13.7,-14.1,-14.4
352,-14.4,-14.4,-14.6,-14.7,-14.9,-15.1,-15.2,-15.3,-15.4,-15.0,-13.7,-12.7,-11.5,-9.5,-8.9,-8.1,-7.6,-8.4,-9.4,-10.1,-10.5,-11.0,-11.6,-11.8
353,-12.1,-12.4,-12.8,-12.1,-12.2,-12.4,-12.5,-12.4,-12.6,-11.5,-8.5,-5.9,-4.8,-4.4,-4.2,-4.2,-4.1,-4.0,-4.1,-4.0,-4.5,-5.2,-5.7,-6.0
354,-6.3,-6.8,-7.2,-7.5,-7.7,-7.9,-8.1,-8.4,-8.1,-7.3,-5.7,-4.0,-2.5,-2.0,-1.5,-1.2,-0.9,-0.9,-1.0,-1.0,-1.1,-1.8,-2.5,-3.0
355,-3.2,-3.5,-3.8,-3.0,-2.5,-2.2,-1.9,-1.7,-1.4,-1.0,0.2,1.5,2.3,4.9,5.1,5.5,5.4,4.9,3.8,2.3,1.1,-0.1,-1.1,-1.8
356,-2.3,-3.1,-3.9,-4.7,-5.3,-5.7,-6.2,-6.6,-6.7,-6.3,-4.1,-2.4,-1.7,-1.3,-1.2,-0.2,0.2,-1.3,-2.0,-2.5,-3.8,-4.5,-4.9,-5.2
357,-5.5,-5.8,-6.3,-6.7,-7.2,-7.7,-8.0,-8.6,-8.8,-8.4,-7.5,-6.6,-5.7,-4.9,-4.3,-4.1,-4.0,-5.0,-5.9,-6.4,-6.3,-6.7,-7.5,-7.7
358,-8.5,-9.2,-9.5,-9.3,-9.6,-9.7,-9.8,-10.1,-10.2,-9.1,-6.8,-4.3,-2.3,-0.1,1.3,1.9,1.8,0.5,-0.9,-1.2,-1.6,-2.4,-2.5,-2.6
359,-2.8,-2.9,-2.6,-2.1,-1.9,-1.9,-1.9,-2.2,-2.2,-1.9,-0.8,0.0,1.4,1.4,2.4,2.5,2.5,1.2,-0.5,-1.6,-2.6,-2.9,-3.8,-4.4
360,-5.2,-5.8,-6.4,-7.0,-7.2,-7.4,-7.8,-7.7,-7.6,-6.9,-4.0,-1.4,0.9,1.7,2.0,2.2,2.3,1.6,1.3,1.3,1.2,1.1,0.9,0.6
361,0.7,0.7,-0.4,-1.6,-2.2,-2.9,-3.6,-4.0,-4.6,-4.3,-3.5,-1.9,-0.6,-0.5,0.0,0.9,0.7,-0.4,-1.7,-2.6,-2.5,-3.5,-4.4,-5.1
362,-5.6,-6.0,-6.6,-7.0,-7.2,-7.3,-7.6,-7.7,-7.5,-6.4,-4.4,-2.4,-0.6,0.5,1.3,1.7,1.8,1.4,0.7,0.1,-0.6,-1.0,-1.3,-1.9
363,-2.5,-3.1,-3.7,-4.5,-4.8,-4.6,-5.4,-5.5,-5.9,-5.1,-3.0,-1.1,0.3,1.7,2.8,2.8,3.1,2.0,0.7,0.0,-1.2,-1.9,-2.7,-3.4
364,-4.2,-4.5,-4.8,-5.0,-5.3,-5.4,-5.7,-5.8,-5.8,-5.3,-3.0,0.3,1.9,2.5,3.7,4.2,4.4,2.8,1.4,0.3,-0.5,-1.3,-1.9,-2.2
365,-2.8,-3.1,-3.3,-3.6,-3.9,-4.3,-4.7,-4.9,-4.9,-4.0,-2.4,-0.8,0.6,2.3,3.1,3.2,3.5,3.7,3.6,3.6,3.3,3.4,3.4,3.5
366,3.7,3.7,3.3,2.5,1.4,0.5,-0.1,-0.9,-0.6,-0.6,-0.3,1.0,2.2,3.3,4.9,5.4,5.3,3.8,2.2,1.4,0.8,0.1,-0.3,-0.8
367,-1.2,-1.6,-1.8,-1.9,-2.1,-2.7,-3.1,-3.3,-3.3,-3.0,-1.0,1.5,3.7,4.2,4.4,4.0,3.5,3.0,2.4,2.0,1.8,1.4,1.0,0.3
368,0.3,-1.2,-2.7,-4.3,-5.9,-7.1,-7.9,-8.7,-9.3,-9.3,-8.5,-7.6,-7.0,-5.9,-5.4,-4.9,-4.8,-5.5,-6.7,-7.5,-8.3,-9.0,-9.6,-10.0
369,-10.2,-10.7,-11.0,-11.3,-11.3,-11.1,-11.0,-11.2,-11.2,-10.2,-8.8,-7.3,-6.6,-5.5,-3.9,-4.1,-4.0,-4.6,-5.1,-5.5,-5.8,-5.9,-6.1,-6.5
370,-7.1,-7.2,-7.3,-7.0,-7.2,-7.4,-7.2,-6.9,-7.2,-6.9,-5.8,-5.0,-4.4,-4.1,-3.8,-3.3,-3.8,-4.9,-6.1,-6.8,-7.4,-7.7,-8.1,-8.5
371,-8.9,-9.5,-9.5,-9.7,-9.7,-9.4,-9.5,-9.7,-10.0,-9.1,-7.2,-4.1,-2.3,-0.1,0.3,0.5,1.2,0.1,-1.5,-2.7,-3.1,-3.1,-3.5,-3.9
372,-3.9,-4.2,-4.5,-4.8,-5.2,-5.2,-5.0,-4.6,-4.4,-3.8,-2.3,-0.7,0.4,0.7,0.9,1.3,1.8,1.6,1.4,1.3,1.3,1.3,1.4,1.3
373,1.3,1.5,2.3,2.4,2.4,1.5,0.1,-1.0,-2.5,-3.4,-3.1,-3.1,-1.5,-0.4,0.1,0.5,-0.1,-1.1,-2.4,-3.1,-3.9,-4.4,-5.3,-6.4
374,-7.2,-7.9,-8.6,-8.5,-8.9,-9.1,-9.1,-9.2,-8.6,-7.9,-5.4,-3.3,-1.7,-0.2,-1.0,-2.2,-2.2,-2.5,-3.3,-4.1,-5.2,-5.8,-6.5,-7.2
375,-7.7,-7.6,-7.9,-8.4,-8.9,-9.1,-9.6,-9.4,-9.6,-8.8,-7.5,-5.6,-3.7,-3.0,-1.8,-1.0,-0.9,-1.9,-3.0,-3.6,-4.0,-4.7,-5.2,-5.5
376,-5.6,-6.0,-6.2,-6.4,-6.5,-6.7,-6.6,-6.7,-5.9,-4.8,-4.3,-4.2,-3.4,-3.4,-3.1,-3.2,-2.7,-3.1,-3.5,-4.9,-5.7,-6.5,-7.0,-7.3
377,-7.7,-8.3,-8.8,-9.2,-9.5,-9.4,-9.7,-9.8,-9.3,-8.5,-6.0,-3.3,-1.6,0.1,-0.3,0.0,0.8,-0.2,-1.5,-2.2,-2.8,-3.7,-4.5,-5.0
378,-5.5,-5.9,-6.4,-7.0,-7.2,-7.8,-8.1,-8.3,-8.6,-7.2,-3.8,-1.4,-0.1,1.6,3.4,4.1,4.1,3.5,1.7,0.2,-0.8,-1.8,-2.1,-2.7
379,-3.1,-3.5,-3.7,-3.7,-4.2,-4.5,-4.6,-4.7,-5.0,-4.0,-2.2,0.0,2.6,5.3,5.0,6.7,6.7,5.2,3.6,2.9,2.3,1.2,0.7,0.2
380,0.5,0.8,0.6,0.6,0.5,-0.1,-0.5,-0.5,-0.3,0.3,1.0,2.3,2.9,4.2,6.2,6.1,6.1,5.6,3.8,3.0,2.3,1.3,0.8,1.1
381,1.2,1.6,1.7,1.7,1.8,1.8,1.8,1.9,1.9,2.7,4.6,6.4,6.7,8.1,8.2,7.8,7.5,7.0,6.2,5.5,5.2,5.0,4.8,4.8
382,4.5,4.3,4.0,4.1,2.9,2.3,2.1,2.1,2.0,1.9,1.9,2.2,2.3,2.5,3.4,3.9,4.1,4.5,3.8,3.5,3.2,2.6,2.6,2.3
383,2.0,1.3,0.4,-0.2,-0.5,-1.1,-1.3,-1.8,-1.8,-1.2,0.7,2.2,3.8,4.8,5.9,6.5,5.9,4.8,3.2,2.2,1.4,0.7,0.2,-0.6
384,-1.2,-1.6,-2.0,-2.5,-2.7,-3.6,-4.3,-4.5,-4.6,-3.9,-1.5,1.1,1.5,1.9,2.8,3.4,3.8,3.0,1.5,0.5,-0.2,-1.0,-2.1,-2.8
385,-3.4,-4.0,-4.3,-5.1,-4.7,-5.2,-5.2,-5.6,-5.8,-5.2,-3.4,-1.8,-0.5,0.2,1.9,1.7,1.5,0.9,-0.6,-1.3,-1.7,-2.1,-3.0,-3.6
386,-4.7,-5.1,-5.7,-6.0,-6.6,-6.8,-6.9,-7.0,-7.0,-6.1,-4.5,-3.6,-1.9,-0.6,-0.3,0.1,0.2,0.5,-0.9,-1.6,-2.3,-2.7,-3.4,-4.1
387,-4.6,-5.1,-6.2,-6.6,-6.9,-7.4,-7.7,-7.8,-7.9,-6.8,-3.8,-2.6,0.8,0.5,1.0,2.2,2.0,2.2,0.8,0.1,-0.9,-1.2,-2.1,-2.8
388,-3.8,-4.6,-5.0,-5.3,-5.8,-6.1,-6.5,-6.7,-6.7,-5.4,-2.4,0.3,2.8,3.7,4.5,4.5,3.7,3.3,2.3,1.7,1.4,1.9,0.8,0.5
389,0.4,-0.2,-0.9,-0.9,-1.7,-2.1,-1.9,-2.1,-2.6,-2.1,-1.2,-0.9,-0.4,-0.4,0.2,0.2,0.8,0.3,-0.7,-1.4,-1.3,-1.7,-2.1,-2.3
390,-2.7,-3.1,-3.7,-4.5,-5.4,-5.5,-5.8,-5.8,-5.4,-4.9,-4.3,-3.8,-2.4,-1.6,-0.7,-0.8,-0.2,-0.8,-2.2,-3.0,-3.3,-3.7,-3.3,-2.8
391,-3.3,-3.2,-3.1,-3.7,-4.6,-5.5,-5.9,-6.5,-6.9,-5.6,-3.9,-2.9,-1.9,-1.0,-0.3,0.2,-0.2,-0.6,-2.0,-2.8,-3.2,-3.5,-4.2,-4.5
392,-5.0,-5.5,-5.7,-5.5,-6.5,-6.7,-6.7,-7.2,-7.1,-5.9,-4.5,-3.6,-2.6,-1.5,-1.0,-2.0,-2.6,-3.0,-3.4,-4.3,-5.2,-7.0,-7.7,-8.1
393,-8.2,-8.4,-8.3,-8.4,-8.7,-8.9,-9.1,-9.5,-9.7,-8.8,-7.0,-5.4,-3.8,-2.7,-2.7,-2.5,-2.7,-3.6,-5.1,-5.9,-6.4,-7.0,-7.5,-8.0
394,-8.0,-7.9,-7.4,-7.6,-7.8,-8.4,-8.1,-8.1,-7.8,-6.5,-3.1,-1.4,-0.5,0.3,0.8,1.2,1.0,0.6,-0.9,-1.9,-2.4,-3.2,-3.9,-4.6
395,-5.3,-5.9,-6.2,-6.6,-6.7,-7.1,-7.0,-6.8,-6.4,-5.5,-3.3,-1.3,0.2,1.9,1.5,1.6,1.2,0.6,0.1,-0.4,-0.8,-1.0,-1.2,-1.4
396,-2.0,-2.5,-3.0,-3.1,-3.4,-3.7,-3.9,-4.0,-4.0,-3.0,-1.2,0.9,2.4,3.6,4.5,5.0,5.3,5.0,3.1,1.7,0.4,0.0,-0.3,-1.2
397,-1.5,-1.9,-2.7,-2.8,-3.1,-3.6,-3.9,-4.1,-4.3,-3.1,0.1,2.0,4.0,5.1,7.2,6.8,6.1,5.8,4.5,3.4,2.7,2.3,1.6,0.9
398,0.3,-0.1,-0.8,-1.3,-1.7,-2.5,-2.6,-3.1,-3.2,-2.0,1.7,3.1,4.0,6.1,6.1,6.4,6.4,6.4,4.7,3.5,2.6,2.0,1.5,0.8
399,0.2,-0.4,-0.5,-1.2,-1.3,-1.7,-1.9,-2.3,-2.5,-1.6,0.9,4.3,6.5,7.7,7.5,8.5,8.3,7.7,6.3,5.4,4.6,3.9,3.8,3.5
400,3.0,2.7,2.6,2.3,1.9,1.5,0.8,0.3,-0.1,0.7,3.4,6.3,8.2,9.0,9.6,9.8,10.2,9.8,8.4,6.8,5.4,4.9,4.4,3.9
401,3.3,3.0,2.8,2.3,1.6,1.7,1.9,1.8,1.7,2.9,5.5,7.4,8.3,8.9,9.1,8.5,9.2,9.2,7.5,6.2,5.1,4.5,3.7,2.9
402,2.4,1.8,1.4,1.0,0.9,1.1,0.8,0.3,0.7,2.2,3.6,5.0,6.9,8.0,7.9,7.4,4.2,3.4,2.7,2.1,0.8,0.4,0.1,-0.6
403,-1.3,-1.7,-2.0,-2.5,-3.1,-4.0,-4.8,-5.7,-6.1,-6.0,-5.7,-4.2,-3.0,-3.3,-2.7,-3.3,-3.2,-3.2,-3.8,-4.8,-5.7,-6.5,-7.0,-7.6
404,-7.7,-8.0,-8.1,-8.2,-8.2,-8.2,-8.4,-8.6,-8.9,-8.4,-7.6,-6.8,-5.7,-5.2,-5.2,-4.5,-4.8,-5.0,-5.8,-6.4,-7.2,-8.1,-8.9,-9.4
405,-9.6,-9.3,-9.0,-9.2,-9.6,-9.9,-10.1,-10.3,-10.7,-9.6,-8.4,-6.4,-5.5,-4.3,-2.4,-2.0,-0.9,-1.1,-2.8,-3.8,-4.7,-4.7,-5.3,-6.0
406,-6.1,-6.5,-6.5,-7.1,-7.4,-7.4,-7.0,-7.8,-7.9,-5.1,-2.2,0.1,1.7,3.0,5.1,5.2,5.4,4.6,2.9,1.6,0.8,0.2,-0.2,-0.3
407,-0.5,-0.7,-1.2,-1.5,-1.5,-2.1,-2.5,-2.2,-2.4,-1.6,-0.9,-0.3,0.9,2.9,3.4,2.4,2.0,0.3,-1.1,-1.5,-2.8,-4.1,-5.3,-5.9
408,-6.2,-6.2,-6.2,-6.7,-7.2,-7.6,-8.0,-8.3,-8.4,-7.4,-6.5,-4.6,-3.7,-3.2,-2.0,-1.3,-0.6,-1.1,-2.2,-2.9,-3.4,-3.9,-4.4,-4.8
409,-5.3,-6.0,-6.7,-7.2,-7.3,-7.6,-7.7,-7.9,-7.5,-5.0,-2.0,0.1,-0.2,1.1,3.4,3.1,2.3,2.0,0.5,-0.9,-1.8,-2.7,-3.5,-4.3
410,-4.8,-5.1,-5.2,-5.4,-5.9,-6.6,-6.8,-7.1,-7.3,-5.8,-4.6,-3.0,-1.5,-0.6,-0.3,-0.2,-1.2,-1.7,-2.2,-3.3,-4.9,-6.1,-6.9,-7.5
411,-8.0,-8.4,-8.5,-9.0,-9.1,-9.3,-9.5,-9.8,-9.6,-8.0,-6.5,-4.9,-3.6,-2.5,-2.5,-2.0,-0.8,-0.9,-2.3,-3.3,-4.0,-4.5,-5.2,-5.6
412,-6.3,-6.9,-7.3,-7.7,-8.0,-8.3,-8.2,-8.2,-8.0,-5.4,-2.8,-1.5,0.3,2.0,2.7,3.4,3.3,2.4,1.3,0.3,-0.4,-0.8,-1.5,-1.8
413,-2.2,-2.3,-2.6,-2.6,-2.8,-3.0,-3.0,-3.5,-3.3,-1.6,0.9,3.3,6.2,7.2,7.1,8.0,8.1,7.3,6.5,6.2,5.8,5.6,5.5,5.4
414,5.2,5.1,4.9,4.8,4.6,4.4,4.4,4.1,4.3,4.6,5.7,6.8,8.1,9.2,9.0,8.3,8.2,8.0,7.6,6.7,5.6,4.6,2.7,1.8
415,1.0,0.6,0.2,-0.1,-0.8,-0.6,-0.7,-1.2,-1.4,1.1,3.7,5.6,6.9,7.7,8.5,8.8,8.5,8.1,6.7,5.7,5.0,4.1,3.6,3.3
416,3.0,2.8,3.3,3.5,3.6,3.7,3.7,3.8,4.0,4.7,5.7,7.1,7.9,9.3,10.1,10.1,11.2,11.2,10.0,9.0,8.0,7.2,6.5,7.3
417,7.2,7.0,7.2,7.2,6.5,6.0,5.8,5.6,5.7,6.0,6.5,6.7,7.2,6.9,7.6,8.7,9.1,8.6,7.3,6.1,4.8,3.6,1.9,0.9
418,0.3,-0.4,-0.9,-0.8,-1.3,-1.8,-2.2,-1.9,-1.3,1.4,3.3,4.8,7.2,8.5,8.1,8.4,8.1,7.3,6.0,5.0,4.5,4.2,3.9,3.5
419,3.4,3.9,3.5,2.9,2.6,1.8,1.4,1.2,1.1,3.1,5.1,7.2,9.1,10.5,12.0,11.9,11.0,10.6,9.1,7.5,6.4,5.4,4.6,4.0
420,3.7,3.2,2.8,2.1,1.7,1.2,1.0,0.6,1.5,3.9,6.2,8.9,10.8,13.6,14.3,12.8,12.5,11.9,11.0,9.9,9.2,8.1,7.1,6.1
421,5.3,4.6,3.7,2.7,2.1,1.4,0.6,0.0,0.0,1.2,2.3,3.6,3.7,5.3,6.0,6.1,6.7,5.5,4.1,2.6,1.5,0.7,0.0,-0.3
422,-0.6,-0.8,-1.2,-1.4,-1.5,-2.1,-2.5,-2.9,-1.9,0.1,1.6,2.4,3.6,4.3,5.8,5.6,6.7,6.1,4.4,2.6,2.1,1.6,1.0,0.1
423,-0.4,-0.9,-1.4,-1.9,-2.0,-2.3,-2.5,-2.6,-2.2,0.4,3.0,5.0,6.7,7.8,8.1,8.4,7.3,6.8,6.1,4.8,3.7,2.9,2.5,2.4
424,2.1,2.1,1.6,1.2,1.7,2.1,2.2,2.4,2.9,4.0,6.3,8.0,10.1,10.8,11.3,12.2,11.2,10.7,9.2,7.5,6.5,5.7,4.9,4.2
425,3.5,3.6,3.4,3.0,2.6,2.2,1.9,1.8,2.0,3.3,5.6,8.9,10.4,12.3,13.5,14.2,14.0,13.8,11.4,9.7,8.6,7.4,6.5,5.8
426,5.5,4.9,4.8,4.5,4.7,4.8,4.6,4.2,4.5,6.7,9.7,12.0,14.1,15.2,15.3,15.2,15.3,14.1,12.8,11.1,10.0,8.9,8.2,7.6
427,7.2,6.6,6.1,5.8,5.5,5.9,5.4,5.1,6.0,7.4,8.9,11.6,14.4,16.8,16.9,18.0,18.2,17.3,15.8,14.3,13.1,12.6,11.7,10.9
428,10.1,9.2,8.6,7.8,7.3,6.7,6.7,6.6,7.7,9.7,11.3,13.5,16.1,18.0,19.3,19.4,18.8,17.5,16.6,15.6,14.3,13.7,14.0,14.2
429,12.7,10.8,11.0,11.2,12.0,12.0,12.1,12.1,11.8,11.6,11.3,11.4,11.4,11.6,11.8,11.9,12.0,12.2,12.3,12.3,12.0,11.9,11.5,11.0
430,10.8,10.6,9.8,9.3,9.3,8.7,8.3,8.7,9.0,9.6,10.2,11.4,12.9,10.1,8.4,7.6,7.5,7.2,6.9,7.0,6.8,6.1,5.9,5.5
431,4.9,4.6,4.2,3.4,3.1,2.9,2.6,2.4,2.5,4.3,6.1,7.2,9.7,10.4,11.6,12.1,13.1,12.6,12.1,10.9,9.5,8.1,6.9,6.1
432,5.4,5.1,4.8,4.7,4.4,4.2,4.0,3.7,4.3,6.2,8.2,11.1,13.5,14.1,15.5,16.5,16.3,15.6,14.6,13.7,13.0,12.4,12.0,11.4
433,10.7,10.0,9.4,8.9,8.6,8.4,8.2,7.9,8.1,8.8,9.9,11.5,13.7,14.7,14.8,14.7,14.7,14.4,14.0,13.1,10.5,9.5,8.8,7.9
434,7.8,7.2,7.1,7.1,7.1,7.2,7.2,6.8,6.8,7.3,8.4,8.8,9.3,9.4,9.3,9.3,9.0,8.7,8.0,7.1,6.6,6.0,5.8,5.7
435,5.5,5.3,5.2,4.5,3.1,2.4,1.4,1.1,1.1,1.1,1.2,1.5,2.0,3.3,4.8,5.2,6.0,6.0,6.0,5.6,5.3,4.5,3.6,2.9
436,2.8,3.1,3.6,3.9,4.0,4.0,4.0,4.1,4.2,5.0,5.6,6.6,7.9,7.6,8.9,9.0,9.1,8.4,7.2,5.5,4.7,3.9,3.4,2.8
437,2.2,1.2,0.8,0.7,0.3,0.1,-0.1,-0.3,0.3,3.3,5.3,7.3,8.7,9.8,10.7,9.8,8.8,7.8,7.1,6.4,6.2,5.7,5.4,5.1
438,4.6,4.1,3.7,2.8,2.2,1.9,1.4,1.2,2.2,4.4,6.4,8.8,10.2,11.4,12.6,12.9,13.2,12.6,11.8,9.4,8.1,7.2,6.4,6.5
439,6.0,5.4,5.3,5.5,5.4,5.0,5.0,5.0,5.2,5.6,6.5,7.1,7.1,6.9,7.3,7.5,7.8,7.4,6.7,6.3,6.3,6.2,6.1,6.1
440,6.0,6.0,5.5,4.8,4.4,3.9,4.4,5.0,5.5,6.1,6.6,7.3,7.8,8.6,10.0,12.4,12.2,12.3,12.1,11.1,10.1,9.4,9.1,8.9
441,8.6,8.2,7.6,7.1,6.7,6.5,6.3,6.6,7.8,9.6,11.8,12.7,13.9,15.4,16.3,17.0,17.2,17.2,17.1,16.4,15.4,13.0,11.7,11.4
442,11.6,11.9,12.1,12.4,12.5,12.5,12.7,12.6,10.6,9.7,9.5,10.1,10.7,10.6,11.4,12.9,13.7,14.5,14.4,12.9,12.1,11.6,10.5,10.1
443,9.6,8.7,7.9,7.1,6.4,5.9,5.8,5.4,6.0,7.8,9.5,10.5,11.0,11.7,12.0,12.1,11.7,9.7,9.0,7.7,7.0,6.5,5.7,5.4
444,5.1,5.0,4.4,3.9,3.0,2.3,1.7,1.6,3.4,6.5,9.0,11.3,12.1,13.3,14.0,14.7,15.1,13.9,12.7,10.8,9.3,8.2,7.5,6.9
445,5.7,5.2,4.5,4.3,3.8,3.5,3.3,3.5,5.1,8.0,10.8,12.5,13.9,14.4,15.2,14.8,15.3,14.9,13.9,12.4,11.1,10.5,10.0,9.4
446,8.9,8.5,7.9,7.4,7.0,6.5,6.0,6.1,8.2,9.7,12.1,13.8,15.5,15.1,13.4,12.9,12.7,12.7,12.4,12.4,11.9,11.6,11.3,11.1
447,10.6,10.2,10.1,9.7,9.3,9.0,8.8,8.5,9.0,9.9,10.9,12.3,13.1,13.6,14.1,14.4,14.4,13.9,13.2,12.3,11.6,10.5,9.3,8.4
448,7.6,7.1,6.4,5.9,5.5,5.0,4.7,4.7,6.5,8.5,10.7,11.9,13.2,13.2,14.7,14.6,14.2,13.9,12.4,9.9,8.7,8.1,7.5,7.3
449,6.2,5.7,4.9,4.4,4.2,4.1,4.0,4.0,5.3,7.2,9.5,11.0,12.5,13.2,14.0,13.7,12.9,12.1,11.0,9.1,8.1,7.3,6.8,6.3
450,5.7,5.3,4.7,4.7,4.5,4.0,3.8,3.6,5.1,7.4,10.0,12.4,13.5,15.4,16.0,16.3,16.8,16.0,14.5,11.7,10.0,9.1,8.4,7.8
451,7.3,7.0,6.4,6.0,5.7,5.5,5.4,5.2,7.0,9.6,11.9,13.8,15.2,16.3,16.2,16.2,15.7,15.0,13.5,11.5,10.2,9.4,8.3,7.3
452,7.1,6.5,6.2,5.6,5.6,5.4,5.0,5.3,6.4,8.8,11.1,13.1,14.1,15.2,15.5,15.2,15.2,14.6,13.3,11.7,11.4,10.7,9.8,9.5
453,9.4,9.1,8.9,8.9,8.8,8.6,8.0,8.2,8.8,9.5,11.7,13.6,14.4,15.8,16.2,16.5,16.8,16.1,14.8,13.0,11.9,11.3,10.7,10.2
454,10.3,10.8,10.4,10.0,9.6,9.3,9.0,8.8,9.1,10.2,12.3,13.9,14.8,15.1,14.8,14.8,14.2,13.0,12.2,10.5,9.4,8.8,8.3,7.8
455,7.4,7.2,6.6,6.3,5.9,5.6,5.3,5.4,7.7,10.2,12.4,14.6,16.4,17.9,19.2,19.6,19.5,19.4,18.4,16.9,15.4,14.2,13.5,13.5
456,12.9,12.9,12.8,13.2,13.4,14.0,13.8,13.2,12.5,14.1,17.0,19.1,21.3,22.6,23.8,24.1,23.8,22.5,21.4,19.5,18.5,18.1,17.7,17.1
457,16.2,15.2,14.8,14.5,13.8,13.3,12.9,13.0,14.8,17.2,19.4,21.3,22.6,23.3,24.1,25.0,24.2,23.2,21.6,18.8,17.7,16.7,15.9,15.5
458,15.1,14.6,14.3,13.9,13.9,13.7,13.5,14.1,15.1,18.1,20.6,22.4,23.7,25.0,25.8,26.4,26.2,25.4,24.4,22.2,20.6,19.4,18.6,18.2
459,17.7,18.0,17.8,17.6,17.4,17.3,17.6,17.8,17.9,18.7,19.6,22.0,23.1,24.5,25.9,26.1,25.9,22.8,17.9,16.7,17.0,17.2,17.3,16.5
460,15.9,15.7,15.7,15.5,15.3,15.1,13.9,13.6,13.3,13.5,13.4,13.4,13.3,13.1,12.3,12.2,12.3,12.2,12.3,12.3,12.2,12.2,12.0,12.0
461,12.1,12.2,12.2,12.2,12.2,12.1,11.9,11.9,12.1,12.2,12.2,13.2,14.3,14.8,15.1,15.1,15.0,15.1,15.0,14.1,13.4,13.1,12.6,11.9
462,11.4,10.8,10.2,9.6,9.0,8.2,7.7,7.9,10.1,12.7,14.2,15.7,16.4,17.5,18.3,18.9,19.2,17.9,16.2,14.8,14.0,13.8,12.6,12.0
463,11.3,10.3,9.5,8.7,8.3,7.4,7.2,7.7,9.8,12.7,14.7,16.2,17.3,18.1,19.2,20.0,19.6,18.7,17.2,15.3,13.8,12.7,11.5,10.7
464,10.1,9.4,8.9,8.4,7.8,7.6,7.2,7.5,9.6,11.8,14.0,16.0,18.2,19.4,21.3,21.2,21.0,19.7,18.9,17.1,15.5,14.4,13.4,12.7
465,12.2,12.0,11.9,11.5,11.4,11.5,11.6,11.6,12.5,13.7,15.2,16.8,18.3,19.9,21.4,20.8,20.1,19.7,19.1,17.5,15.4,14.2,13.2,12.5
466,12.1,11.4,11.0,10.4,10.1,9.7,9.1,9.1,11.3,14.1,16.6,18.3,20.2,21.7,22.0,21.8,20.9,20.1,18.9,17.2,15.7,14.7,13.8,13.0
467,12.3,11.7,11.1,10.7,10.5,10.1,9.8,9.9,12.2,14.8,16.9,18.9,20.8,21.7,21.9,21.4,22.0,21.3,20.2,18.2,16.5,15.0,14.2,13.5
468,12.9,12.2,11.8,11.4,10.7,10.2,9.7,10.2,12.8,15.2,17.4,20.0,21.3,21.1,22.5,21.9,21.4,20.2,18.8,17.8,17.0,16.8,16.3,15.9
469,15.3,15.1,14.9,14.5,14.2,14.3,14.6,14.8,15.4,16.3,16.8,16.6,16.8,16.3,15.7,15.8,15.4,15.1,14.9,14.5,14.2,14.2,13.9,13.6
470,13.2,12.8,12.6,12.0,11.2,10.8,10.5,10.7,12.2,14.3,16.7,18.6,19.8,21.7,23.4,24.7,25.1,24.7,24.3,22.8,20.8,19.3,18.0,17.1
471,16.8,17.1,17.0,16.3,16.0,15.5,15.1,15.1,15.5,16.1,17.7,19.7,21.0,22.8,24.1,24.1,24.3,23.8,21.6,19.2,17.6,16.9,17.2,17.0
472,17.0,17.1,17.2,17.1,17.1,17.1,17.2,17.2,17.5,18.0,18.5,19.4,20.5,21.8,23.2,23.4,23.5,23.2,22.8,22.0,21.4,21.1,20.6,20.4
473,20.2,19.7,19.1,18.1,17.3,17.0,17.0,17.0,18.4,20.4,22.3,24.2,26.1,27.5,28.2,28.4,28.4,27.5,25.6,23.9,22.7,21.9,19.9,18.3
474,17.5,16.4,15.5,14.6,13.6,13.0,13.1,13.4,14.5,16.4,18.1,19.8,21.0,22.4,23.0,23.5,23.4,22.8,21.3,19.6,18.0,17.1,16.4,15.6
475,14.8,14.2,13.4,13.2,13.1,12.4,11.7,12.1,14.8,17.2,19.3,21.3,22.9,24.2,25.4,25.6,22.6,21.3,20.2,19.1,19.0,18.6,17.7,16.9
476,16.3,14.8,13.7,12.9,11.9,11.2,10.8,10.7,11.0,11.6,12.4,14.6,15.7,16.1,15.5,15.7,15.9,15.4,15.0,14.7,14.4,13.9,13.0,12.3
477,11.6,11.1,10.5,10.8,11.0,10.9,10.9,11.4,12.2,13.3,14.9,16.3,16.6,16.8,16.9,15.8,14.8,14.8,13.6,12.6,12.0,11.7,11.4,11.3
478,10.9,10.3,9.8,9.5,8.6,8.1,7.9,8.5,11.0,13.2,15.3,17.2,17.6,18.6,18.5,18.8,18.9,16.9,15.9,14.6,13.9,13.1,12.5,12.0
479,11.5,10.8,10.4,9.9,9.7,9.3,9.3,10.3,11.3,13.3,15.1,16.5,17.4,18.2,18.2,19.0,18.5,18.6,17.7,16.3,14.9,14.4,13.9,13.4
480,12.4,11.5,10.7,10.1,9.8,9.5,9.2,9.7,12.1,14.1,16.3,17.8,19.1,19.4,20.2,20.5,20.7,19.8,18.8,16.8,15.1,14.2,13.8,13.4
481,12.7,12.1,11.6,11.0,10.7,10.3,10.1,10.7,14.0,16.6,18.9,21.2,22.8,24.3,25.1,24.8,24.3,23.7,22.3,20.9,19.8,18.8,17.9,16.8
482,16.0,15.2,14.9,14.2,13.7,12.8,12.5,12.9,15.9,18.4,20.3,21.9,22.8,23.9,24.8,25.7,25.2,24.7,23.1,20.5,19.2,18.4,17.5,16.8
483,16.2,15.8,15.5,14.8,14.3,13.9,13.8,14.6,17.4,19.9,21.7,22.7,23.7,25.2,24.6,24.9,25.1,24.6,22.9,21.2,19.6,18.8,18.1,17.9
484,17.8,17.8,17.3,16.7,16.5,16.1,16.2,15.6,15.3,15.7,17.1,19.1,21.2,22.7,22.6,22.7,22.4,21.9,20.7,19.6,18.8,18.3,17.4,16.6
485,15.8,16.3,16.2,15.8,15.5,15.1,15.0,15.0,15.4,15.8,16.8,17.3,17.8,18.2,17.8,17.6,17.7,17.2,16.6,15.3,13.4,12.3,11.9,11.8
486,11.7,11.6,11.5,11.5,11.4,11.4,11.1,11.6,13.9,15.8,17.9,19.3,21.1,22.7,23.8,24.2,25.0,24.9,23.9,22.8,20.8,18.8,18.0,17.3
487,16.8,16.0,15.4,14.9,14.5,14.0,13.6,14.2,15.5,18.7,20.9,22.0,23.9,24.8,25.3,25.8,26.1,25.2,24.2,22.1,20.6,20.1,19.5,19.0
488,18.3,17.7,17.4,17.1,17.0,16.8,17.0,17.1,18.1,19.6,21.3,22.3,23.0,23.8,24.4,24.9,24.3,22.9,21.2,19.8,18.6,17.8,17.0,16.7
489,16.6,16.2,15.9,15.5,15.0,14.6,14.2,14.8,16.8,19.1,21.7,23.5,25.2,26.6,27.7,27.9,27.7,26.6,25.2,22.9,21.6,20.6,20.4,19.7
490,19.1,18.5,18.0,17.4,16.5,15.7,15.3,15.7,18.3,19.4,21.2,23.3,23.9,24.6,25.0,24.7,24.1,23.4,21.6,19.8,18.6,17.5,16.7,16.0
491,15.0,14.3,13.7,13.2,12.9,12.4,12.0,12.8,15.1,16.7,18.3,18.5,18.6,19.7,19.4,19.1,18.8,18.5,17.6,16.3,15.2,14.8,14.7,14.3
492,13.8,13.3,12.5,11.7,11.1,10.9,10.6,10.9,14.0,16.2,18.0,18.8,20.5,21.5,22.2,21.9,21.7,20.3,19.7,17.8,16.1,15.4,14.9,14.1
493,13.5,13.0,12.2,11.8,11.6,11.2,11.0,12.0,14.9,17.2,18.5,20.5,21.4,22.5,23.6,23.1,23.0,21.8,21.0,19.6,18.3,17.3,16.6,16.1
494,15.8,15.2,14.9,14.2,13.9,13.3,13.0,14.2,16.8,19.0,20.8,22.9,24.7,25.7,26.9,26.9,26.7,26.0,24.4,22.8,20.9,19.6,19.3,18.6
495,17.9,17.2,16.9,16.3,15.9,15.8,15.9,17.0,18.9,18.5,16.8,18.3,21.4,24.2,25.2,24.9,24.6,24.2,23.9,22.7,21.5,20.5,19.7,18.9
496,18.4,18.1,17.6,17.5,17.2,16.8,16.3,16.8,18.7,20.5,22.3,23.2,23.4,23.6,23.8,23.1,22.7,22.1,21.1,19.8,19.2,19.2,19.1,18.6
497,18.0,17.5,17.3,17.2,17.0,16.0,15.6,16.6,18.3,19.7,21.9,23.5,24.5,25.3,25.1,25.6,25.3,25.3,24.4,22.7,21.1,20.0,19.1,18.6
498,17.8,17.5,17.4,17.1,16.8,16.9,17.1,17.9,18.6,19.9,21.5,23.0,24.0,24.9,25.6,25.5,25.4,24.2,23.0,21.2,19.0,17.9,17.4,16.6
499,16.1,16.1,16.1,15.8,15.8,15.9,15.9,16.0,16.5,17.5,19.1,21.6,23.7,24.5,25.0,25.7,25.3,25.5,24.6,23.1,21.7,20.7,19.9,19.1
500,18.3,17.9,18.1,18.1,18.2,18.3,18.4,18.7,19.1,21.3,23.2,25.0,27.0,28.6,29.7,30.5,30.0,28.9,27.7,25.3,23.1,21.9,21.2,19.9
501,19.2,18.8,18.4,17.9,17.4,17.0,16.8,17.8,19.5,21.9,23.9,26.2,27.5,28.8,29.6,29.9,29.7,29.1,27.2,25.1,23.3,22.1,21.1,20.3
502,19.6,19.1,18.2,17.7,17.6,17.2,17.0,17.8,20.3,23.0,23.6,25.3,26.3,26.2,25.9,26.3,25.7,24.1,22.5,21.2,19.8,18.8,18.1,17.0
503,16.7,16.1,15.7,15.3,14.6,14.3,14.2,15.0,16.7,18.3,19.9,21.3,22.5,23.0,22.5,22.7,22.5,22.3,21.2,20.1,18.8,18.0,17.9,17.7
504,17.6,17.4,17.1,16.9,16.6,16.5,16.1,16.5,17.7,19.3,20.6,21.7,22.7,23.2,24.1,24.9,25.0,23.4,22.8,21.8,20.2,19.5,19.0,18.3
505,17.8,17.1,16.1,15.7,15.2,15.5,16.2,17.2,19.7,21.2,22.4,25.2,26.3,28.3,28.7,28.7,28.4,27.8,26.4,25.5,24.1,23.0,22.2,21.5
506,21.0,20.2,19.5,19.5,19.6,19.3,19.4,19.7,20.0,20.9,22.1,23.7,26.2,27.1,28.1,28.0,29.1,29.1,27.6,25.4,23.6,22.5,21.7,21.0
507,20.7,20.3,20.1,20.0,19.8,19.9,20.1,20.5,21.6,21.9,23.1,23.4,24.6,24.1,24.0,23.0,22.3,21.2,20.1,19.9,19.9,19.3,18.5,17.5
508,17.2,16.7,16.2,15.4,14.9,14.4,14.3,15.6,18.4,20.7,20.9,23.2,25.3,26.4,26.9,26.8,26.1,24.8,24.0,22.8,21.6,20.6,19.7,19.1
509,18.6,18.0,17.7,16.7,18.4,17.2,16.3,17.4,20.6,23.2,24.8,26.3,27.5,28.3,28.4,28.3,27.6,27.1,26.3,24.3,22.2,20.7,19.6,18.9
510,18.1,17.6,17.2,17.2,17.2,17.6,17.8,18.4,19.0,21.0,22.5,24.2,25.4,25.9,26.3,26.7,26.4,25.6,24.9,23.3,21.6,20.4,19.7,19.2
511,18.9,19.0,19.2,19.1,19.1,19.2,19.1,19.6,21.0,23.1,24.9,26.7,28.3,29.8,31.2,32.3,30.9,29.0,27.9,25.9,24.3,23.9,23.2,22.7
512,22.3,21.6,21.5,21.4,21.0,20.9,20.4,21.2,23.2,24.6,26.1,27.8,28.2,28.4,28.7,29.0,29.1,29.2,29.4,28.4,27.3,26.7,26.1,25.6
513,24.8,24.5,23.8,23.5,23.3,23.1,22.8,22.8,22.9,23.6,24.7,26.4,26.2,24.8,23.3,22.8,22.7,22.6,22.0,21.6,20.9,20.5,20.2,20.2
514,20.2,20.2,19.9,19.3,18.8,18.5,18.2,17.9,17.3,17.2,17.5,19.3,20.7,22.9,23.2,24.3,24.2,24.0,22.4,21.3,19.6,18.4,17.5,16.9
515,16.7,16.6,16.4,16.3,16.0,15.6,15.1,15.7,18.2,19.9,21.9,23.0,24.6,25.0,24.8,24.7,24.1,24.5,23.5,23.3,22.3,21.6,20.8,19.5
516,19.0,18.8,18.5,18.1,17.2,16.5,16.2,16.9,19.2,21.2,22.8,23.4,23.6,23.5,24.4,25.5,25.1,24.6,24.9,23.4,21.6,20.7,20.1,20.0
517,19.7,19.3,19.0,18.8,18.8,18.6,18.6,19.0,19.8,20.1,20.5,21.6,22.3,22.3,21.5,23.6,23.7,23.9,24.4,23.6,22.2,20.8,19.8,19.3
518,18.8,18.5,18.1,17.9,17.7,17.4,17.3,18.3,20.0,22.2,24.3,25.3,26.3,26.1,22.8,22.2,22.4,21.9,22.0,21.8,20.9,20.4,19.8,19.3
519,19.1,18.9,18.6,18.4,18.0,17.9,17.8,18.6,20.7,23.6,25.8,27.3,29.1,30.9,31.4,30.6,31.8,32.2,30.1,29.2,26.9,25.3,24.2,23.0
520,22.2,21.4,20.7,20.1,19.7,19.2,19.0,20.2,22.1,24.1,25.9,27.6,28.5,29.9,30.9,30.8,30.5,29.2,27.7,25.9,24.9,24.1,23.5,22.8
521,22.1,21.8,21.9,21.3,20.3,19.7,19.6,20.0,21.5,23.5,25.5,27.0,28.7,28.4,28.7,27.2,24.0,25.0,25.2,24.4,23.4,22.7,22.0,21.5
522,20.8,20.2,19.5,19.0,18.8,18.6,18.8,19.7,20.7,22.4,24.2,25.8,27.0,26.8,25.9,25.1,24.2,23.4,22.5,21.5,20.6,19.8,19.3,18.8
523,17.7,17.1,16.5,15.9,15.4,15.2,15.0,15.0,15.3,15.5,15.9,16.3,16.7,17.4,17.9,18.3,19.1,19.3,19.7,19.9,20.0,20.0,19.8,19.3
524,19.2,19.0,18.6,18.2,17.9,17.9,17.7,17.8,18.1,18.3,19.8,21.3,21.2,21.8,22.1,23.1,23.9,24.5,24.6,23.8,22.1,20.8,19.9,19.4
525,18.7,18.1,17.9,17.3,17.0,16.7,16.7,17.9,19.5,20.3,21.9,23.4,25.0,26.5,27.8,27.9,27.5,26.8,26.3,25.6,25.1,23.8,23.2,23.1
526,22.8,22.6,22.3,22.3,22.4,22.2,22.1,22.5,23.2,23.6,23.9,24.4,24.5,24.4,24.3,23.7,24.3,24.8,25.0,24.3,23.2,22.9,22.7,22.6
527,22.4,22.4,22.4,22.4,22.3,22.3,22.3,22.5,22.7,22.9,23.4,23.6,23.7,24.2,24.2,24.2,24.2,24.9,24.9,24.7,24.3,24.0,23.7,23.4
528,23.0,22.7,22.6,22.5,22.3,22.2,22.1,22.5,23.3,24.1,24.4,25.1,26.3,26.8,28.0,28.3,28.6,28.7,28.8,28.2,26.8,25.6,24.8,24.2
529,23.7,23.0,22.5,22.1,21.8,21.5,21.3,22.1,24.1,26.0,27.2,28.8,29.9,31.4,32.3,32.0,32.3,31.8,30.9,29.2,27.3,25.9,25.1,24.6
530,24.1,23.8,23.1,22.4,21.9,22.0,22.2,22.6,23.0,23.9,26.0,27.3,28.5,29.0,30.1,30.4,30.7,29.6,28.7,27.7,26.8,26.1,25.4,25.2
531,24.7,24.3,23.9,23.5,23.7,23.7,23.7,24.1,25.1,24.7,25.1,26.0,26.4,25.7,25.0,24.7,24.4,24.4,24.2,24.0,23.6,23.5,23.5,23.3
532,23.5,23.4,23.0,22.4,22.1,21.7,20.7,20.8,21.3,22.0,23.0,23.0,22.7,22.8,22.6,22.5,23.1,24.3,24.8,24.7,24.2,23.7,23.2,22.9
533,22.3,21.8,21.6,21.5,21.5,21.5,21.8,22.2,23.0,24.1,25.0,27.0,28.8,29.8,30.3,30.2,29.7,29.6,29.0,28.1,27.4,26.6,26.3,26.1
534,25.7,25.3,25.1,24.8,25.0,25.1,25.1,25.2,25.3,25.4,25.4,26.1,26.8,27.4,27.6,28.1,27.8,27.8,27.6,27.5,27.3,27.1,27.0,26.9
535,26.9,26.6,26.2,26.0,25.8,25.4,25.5,25.7,26.2,26.8,27.2,28.0,27.8,27.6,26.6,26.6,26.7,26.3,26.4,26.9,27.1,27.3,27.3,27.6
536,27.7,27.7,27.5,27.4,27.0,26.3,27.0,27.1,27.2,27.6,27.8,27.8,27.7,27.8,27.2,26.3,26.7,26.9,27.0,27.1,27.2,26.3,26.8,26.3
537,25.7,25.3,24.8,24.8,25.1,24.9,24.9,25.0,25.0,25.2,25.2,25.4,25.3,25.1,25.1,25.8,25.8,25.8,26.0,25.8,25.3,24.5,24.5,24.5
538,24.5,24.4,24.3,23.4,22.9,22.7,22.5,22.4,22.4,22.4,22.3,22.6,23.0,22.9,22.9,22.5,22.2,21.3,21.2,21.2,21.3,21.4,21.5,21.7
539,21.9,22.3,22.4,22.6,22.9,22.9,23.0,23.4,23.9,25.6,26.9,27.6,28.6,29.7,30.2,30.6,30.7,30.8,30.0,29.7,28.0,26.9,26.2,25.9
540,25.4,25.1,24.9,24.6,24.3,24.2,24.0,24.6,26.1,27.9,29.2,30.3,31.1,32.1,32.0,33.4,33.7,33.5,33.1,32.0,30.2,29.2,28.3,27.7
541,27.1,26.5,25.8,25.3,24.9,24.7,24.5,25.0,26.7,28.3,30.3,31.9,32.2,33.2,33.6,33.7,33.7,33.5,32.9,31.3,30.2,29.4,28.8,28.3
542,27.9,27.8,27.5,27.2,27.0,26.6,26.4,26.7,28.1,29.5,30.1,30.7,30.7,30.3,30.1,30.9,32.3,32.1,31.4,30.5,29.9,29.6,29.1,28.9
543,28.4,27.8,27.4,27.2,27.0,26.7,26.7,26.8,27.1,27.9,29.4,30.4,31.6,32.0,31.5,32.4,32.9,31.8,30.8,29.7,29.4,29.1,28.8,28.2
544,27.8,27.5,27.3,26.9,26.5,26.3,26.3,26.9,27.7,28.8,29.2,29.9,30.5,31.1,31.7,32.6,32.8,33.2,32.9,32.4,31.8,31.4,27.8,26.6
545,26.7,26.7,26.8,26.7,26.6,26.5,26.8,27.2,27.8,28.5,29.5,29.8,29.9,30.2,30.6,29.7,30.9,30.2,29.6,29.1,28.7,27.7,26.9,27.0
546,27.0,27.0,25.8,25.2,25.1,25.1,24.9,24.9,25.1,25.2,25.5,26.2,26.4,26.6,27.3,27.0,27.4,27.9,27.8,27.3,26.4,25.8,25.3,24.8
547,24.0,24.0,24.1,24.2,24.1,24.0,24.0,24.1,24.3,24.5,25.4,26.6,27.7,29.0,30.5,30.7,30.6,30.5,30.3,29.6,28.4,27.6,27.1,26.6
548,26.2,25.9,25.6,25.3,25.0,24.8,24.6,25.1,26.3,27.9,29.4,30.8,31.8,32.3,33.5,34.4,35.0,33.2,32.1,30.7,30.1,29.2,28.5,28.2
549,27.9,26.3,24.9,24.8,24.8,24.7,24.9,24.9,25.6,27.2,28.0,28.7,29.7,29.8,29.9,29.8,28.7,27.5,27.8,27.7,27.3,26.5,26.0,25.5
550,25.1,24.6,24.2,23.7,23.6,23.3,23.3,24.1,24.6,25.8,26.5,28.0,28.4,28.8,29.3,29.4,29.4,29.3,29.1,28.7,28.2,27.9,27.8,27.5
551,27.1,26.9,26.9,26.9,26.5,26.1,25.8,25.4,25.1,24.9,24.8,24.3,24.1,24.1,24.0,24.1,24.4,24.3,24.4,24.4,24.4,24.8,25.0,25.0
552,25.0,24.8,24.3,23.7,23.4,23.3,23.4,23.6,24.1,24.3,25.2,26.3,26.4,27.2,28.9,29.4,29.7,29.3,28.5,27.5,26.1,25.2,24.7,24.5
553,24.5,24.5,23.8,23.6,23.3,23.0,23.0,23.0,24.1,25.4,26.4,27.6,28.4,29.2,29.9,29.8,30.1,30.1,28.3,28.3,26.5,25.2,24.5,24.4
554,24.2,24.1,23.9,23.7,23.7,23.8,23.7,24.1,24.6,25.3,26.2,26.6,27.8,27.7,27.4,26.9,27.0,24.9,24.0,24.8,24.3,24.1,24.0,23.5
555,23.2,23.2,23.1,22.7,22.6,22.5,22.6,22.9,23.3,24.0,24.8,25.6,25.5,27.4,28.5,29.4,29.2,28.5,28.5,27.9,26.5,26.0,25.5,24.9
556,25.0,25.0,24.8,24.1,23.7,23.2,23.1,23.6,24.3,25.5,27.5,28.8,29.5,30.1,29.5,29.7,29.6,29.6,29.1,28.7,27.9,27.4,26.9,26.2
557,25.6,25.3,25.2,24.9,24.7,24.5,24.4,24.6,25.9,27.2,28.5,29.2,30.2,30.2,30.1,30.7,31.0,30.5,29.1,28.0,27.2,26.6,26.0,26.0
558,25.8,25.7,25.4,25.3,25.2,25.0,25.0,25.1,25.8,26.9,27.3,28.5,29.6,30.0,30.1,30.2,29.6,29.0,28.5,27.9,27.3,26.9,26.2,25.3
559,24.3,24.0,23.6,22.6,22.0,21.2,21.0,20.9,21.1,21.6,22.4,23.3,23.2,23.5,23.6,24.1,24.4,24.5,24.6,25.2,24.7,24.4,24.1,24.1
560,23.9,23.8,23.6,23.5,23.2,23.0,22.9,23.0,23.6,24.4,25.1,26.6,27.2,26.3,27.3,26.3,26.5,27.0,26.9,26.5,25.6,25.1,24.6,24.3
561,24.1,23.7,23.7,23.8,23.7,23.5,23.6,23.9,24.3,25.3,25.6,26.1,26.7,27.3,27.7,27.6,27.1,26.1,25.6,25.2,24.4,23.7,23.2,22.5
562,22.3,22.1,22.1,22.2,22.3,22.5,22.6,22.9,23.9,24.0,25.2,25.4,25.9,27.0,28.0,27.2,27.3,27.9,26.8,26.6,26.1,25.9,25.8,25.5
563,25.2,24.6,24.3,24.3,23.9,23.8,23.7,23.9,24.5,25.5,26.8,28.4,29.2,30.5,31.2,31.4,31.9,31.8,31.3,30.1,28.7,28.0,27.3,26.8
564,26.4,25.8,25.4,25.0,24.9,24.6,24.4,25.0,26.6,28.3,29.5,31.0,31.7,32.6,32.5,32.2,32.8,32.3,31.8,30.8,29.9,29.5,29.0,28.7
565,28.2,27.7,27.6,27.3,26.9,26.6,26.4,26.6,27.2,28.1,29.4,30.5,31.2,32.0,32.4,33.0,33.0,32.6,31.9,31.0,29.7,28.9,28.4,28.0
566,27.6,27.1,26.6,26.2,25.8,25.4,25.1,25.5,27.0,28.4,29.4,30.8,31.6,32.5,33.2,34.2,34.0,33.4,32.7,31.9,31.1,30.5,29.9,29.1
567,29.0,29.0,28.7,28.2,27.9,27.4,27.3,27.6,28.9,30.3,31.3,32.6,33.2,33.6,33.9,34.1,33.8,33.0,32.8,31.4,30.9,30.4,29.8,29.6
568,29.2,29.0,28.5,28.2,27.8,27.5,27.3,27.8,29.7,31.3,32.9,34.0,35.0,35.6,35.6,33.8,33.6,34.4,32.5,31.3,30.9,30.0,29.9,29.6
569,29.0,28.6,28.3,28.0,27.8,27.7,27.6,27.8,28.0,28.6,28.8,28.6,28.2,28.0,27.4,27.0,26.8,26.7,26.8,26.7,26.4,26.0,25.7,25.5
570,25.5,25.5,25.5,25.6,25.5,25.4,25.4,25.4,25.7,26.2,27.4,27.9,29.3,31.1,31.9,32.0,31.9,31.2,31.7,31.2,30.2,29.8,29.4,29.4
571,28.5,27.4,26.9,26.7,26.6,26.5,26.6,26.7,26.9,27.2,27.7,27.9,28.1,28.3,28.4,27.2,26.8,27.0,26.3,26.4,26.5,26.6,26.1,25.5
572,25.5,25.5,25.7,25.5,25.5,25.2,25.2,25.4,25.6,25.9,26.2,26.7,27.7,28.6,28.8,28.9,30.0,29.6,28.8,28.3,27.8,27.5,27.5,27.3
573,27.2,27.1,26.9,26.7,26.5,26.3,26.1,26.4,26.9,28.0,29.3,30.1,31.1,31.8,31.9,32.5,32.5,32.1,31.3,30.0,29.0,28.4,27.9,27.5
574,27.2,27.1,27.1,27.1,27.2,27.2,27.2,27.3,27.8,28.4,28.9,30.1,31.2,31.7,32.3,32.5,32.2,31.7,31.5,30.4,29.6,29.0,28.7,28.5
575,28.3,28.1,27.9,27.8,27.7,27.4,27.4,27.5,28.2,28.8,28.8,29.6,28.5,28.7,29.4,30.0,29.6,30.1,30.0,29.6,29.3,29.0,28.8,28.5
576,28.2,27.9,27.7,27.5,27.2,27.3,27.3,27.6,28.2,28.1,28.3,28.6,28.8,30.6,31.6,31.4,30.9,30.6,30.1,29.6,29.4,29.2,28.9,28.6
577,28.4,28.4,28.3,28.3,28.2,28.2,27.7,27.3,27.2,27.3,27.4,27.8,28.0,25.6,25.1,25.4,25.7,26.3,25.5,25.6,26.2,25.9,26.0,25.9
578,26.0,26.1,26.0,25.9,25.7,25.6,25.5,25.5,25.7,25.6,25.7,25.6,25.3,25.3,25.5,26.1,26.5,26.4,26.0,25.4,25.2,24.5,23.9,22.6
579,22.1,22.0,21.9,21.9,21.5,21.4,21.5,21.6,22.1,22.9,24.2,25.9,26.9,27.8,28.2,28.7,27.6,26.2,26.0,25.7,25.4,25.3,24.7,24.3
580,24.0,24.0,23.8,23.8,23.7,23.5,23.4,23.5,23.4,23.9,24.2,24.7,25.1,25.2,26.3,27.4,27.1,26.7,26.3,26.1,25.9,25.7,25.3,24.9
581,24.5,24.0,23.6,23.3,23.3,23.3,23.1,23.0,24.2,25.3,26.7,27.7,28.8,29.7,30.7,31.6,32.4,32.3,31.2,29.5,27.8,27.2,26.5,26.0
582,25.4,25.4,25.4,25.3,25.4,25.4,25.3,25.4,25.6,25.8,25.8,25.9,25.4,24.8,24.8,24.9,25.4,26.8,27.4,26.7,26.4,26.3,26.3,26.2
583,25.9,25.8,25.6,25.5,25.2,24.9,24.6,24.7,25.5,26.1,26.9,28.9,29.8,30.4,31.1,31.0,30.6,30.2,28.7,28.6,27.9,27.7,27.6,27.6
584,27.5,27.4,27.4,27.4,27.3,27.3,27.5,27.6,27.7,28.1,28.6,29.1,29.5,29.6,29.5,29.4,29.0,28.7,28.6,27.9,27.7,27.7,27.7,27.3
585,26.6,26.4,26.1,25.8,25.3,25.0,24.4,24.1,24.4,25.1,26.2,27.3,28.2,29.2,29.7,29.8,29.7,29.9,29.5,28.2,27.1,26.4,25.5,24.9
586,24.6,24.3,23.8,23.5,23.2,23.0,22.9,23.0,24.6,25.9,26.4,27.8,28.8,30.1,30.2,28.4,29.7,29.5,28.3,27.3,26.5,25.7,25.0,24.6
587,24.1,23.4,23.1,23.2,22.7,22.6,22.4,22.7,23.8,24.7,25.3,26.2,27.9,28.2,29.6,29.2,28.1,27.8,27.3,26.6,26.1,25.7,25.2,24.8
588,24.4,23.9,23.8,23.7,23.3,23.6,23.8,24.0,24.5,25.5,26.3,26.6,26.8,26.6,27.0,27.2,26.7,26.4,26.7,26.9,27.0,27.1,27.1,27.0
589,26.8,26.6,26.3,26.2,26.0,26.0,25.8,25.7,25.9,26.7,27.5,28.3,29.6,31.0,31.7,31.8,31.6,31.5,30.8,29.6,28.6,27.9,27.5,27.2
590,26.9,26.8,26.7,26.3,25.5,25.1,24.9,24.8,25.6,26.2,27.3,29.1,30.2,30.4,31.3,31.2,31.5,31.8,30.9,29.5,28.6,28.1,27.9,27.4
591,27.1,26.8,26.3,25.9,25.7,25.6,25.5,25.7,26.2,26.6,27.6,28.7,28.9,29.3,30.2,29.5,29.5,28.6,28.1,27.6,27.3,27.0,24.6,23.0
592,23.0,23.1,23.2,23.1,23.0,22.5,22.4,22.6,22.9,23.7,24.8,25.8,27.2,28.1,28.9,29.8,30.0,29.5,28.8,27.3,26.1,25.2,24.2,23.5
593,23.0,22.7,22.6,22.7,22.5,22.4,22.4,22.6,23.8,24.7,26.0,26.7,27.7,27.6,27.1,26.6,26.3,26.9,26.2,25.5,25.0,24.6,24.1,23.8
594,23.5,23.0,22.7,22.1,21.8,21.6,21.5,21.7,22.3,22.7,23.5,24.0,23.8,23.0,22.5,22.1,22.5,22.6,22.5,22.2,21.9,21.7,21.4,21.2
595,21.1,20.8,20.8,20.3,20.4,20.5,20.1,20.0,21.3,22.8,23.9,25.6,26.5,27.3,27.4,28.2,27.9,26.6,25.9,24.8,24.1,23.7,23.4,23.1
596,23.1,23.2,21.0,20.7,19.4,18.9,18.1,17.7,18.3,19.5,21.2,22.0,23.0,23.6,24.4,25.0,25.1,24.9,24.5,23.1,22.0,21.2,20.7,20.4
597,19.6,18.9,18.4,17.6,17.0,16.5,16.2,16.4,19.2,21.1,22.3,24.1,25.5,26.3,26.7,27.6,28.2,28.2,27.0,26.0,24.3,23.5,23.0,22.8
598,22.5,22.3,22.3,22.1,21.8,21.1,20.7,20.1,19.8,19.7,19.6,20.4,20.6,21.2,21.5,22.2,21.8,21.4,21.4,21.2,21.0,20.9,20.7,20.5
599,20.3,20.3,19.9,19.1,18.4,18.1,17.9,18.0,18.0,18.2,18.4,18.8,19.1,19.1,19.3,19.6,19.6,19.6,19.7,19.7,19.6,19.6,19.7,19.7
600,19.7,19.7,19.7,19.7,19.8,19.7,19.7,19.6,19.9,20.3,21.5,23.1,23.5,23.2,23.6,23.6,23.7,24.8,24.8,23.5,22.4,21.7,21.1,20.8
601,20.3,20.0,19.6,19.3,19.0,18.8,18.5,18.4,19.9,21.7,23.4,25.4,27.2,28.3,29.4,30.0,30.2,29.5,28.6,27.4,26.0,24.7,23.9,23.1
602,22.2,21.7,21.2,21.1,21.1,20.9,20.5,20.4,22.1,23.6,25.3,26.6,27.6,28.1,28.6,29.2,29.5,29.5,28.6,27.0,25.8,24.6,23.9,23.0
603,22.3,21.7,21.3,21.3,21.1,20.8,20.7,20.6,21.4,22.7,23.8,24.8,26.1,27.1,28.1,29.0,27.8,27.2,26.6,26.0,25.2,24.4,23.8,23.2
604,22.7,22.5,22.2,22.1,21.9,21.9,20.7,19.9,20.5,20.9,20.9,21.3,21.7,22.0,22.2,22.7,23.3,23.6,23.8,23.9,23.9,23.5,23.2,22.8
605,22.7,22.4,22.1,21.7,21.3,21.2,21.1,20.9,20.5,20.0,19.5,18.9,18.5,18.8,19.0,18.7,18.3,18.1,17.9,17.8,17.8,17.8,17.8,17.8
606,17.7,17.5,17.3,17.1,17.3,17.4,17.4,17.5,17.3,17.6,19.5,21.4,23.3,23.9,25.0,25.8,26.2,26.1,25.1,23.2,22.1,21.2,20.6,20.4
607,20.7,20.7,20.7,20.5,19.9,19.1,18.6,18.0,19.3,21.6,23.6,24.5,25.9,26.6,27.3,27.8,27.8,27.1,26.1,24.3,22.9,21.9,21.3,20.9
608,20.2,19.7,19.2,18.5,17.9,17.4,16.9,16.8,18.6,21.2,23.4,24.5,26.4,27.3,28.2,29.0,29.4,29.2,28.0,25.9,24.8,24.0,23.0,22.4
609,21.9,21.4,20.7,20.1,19.8,19.2,19.0,18.9,20.6,22.0,24.7,26.4,27.5,28.8,29.5,30.2,30.5,29.9,28.7,27.0,25.5,24.4,23.8,23.1
610,22.7,22.2,21.1,20.7,19.9,19.6,19.2,19.1,19.8,20.6,21.9,24.8,25.5,27.0,26.9,27.8,28.1,27.8,26.9,25.9,24.8,24.5,24.1,23.7
611,23.2,22.7,22.3,22.0,21.8,21.4,20.9,20.6,21.9,23.3,24.9,25.3,25.2,25.7,26.4,25.9,25.4,24.9,24.3,23.3,22.9,22.7,22.2,22.0
612,21.9,21.7,21.4,21.0,20.8,20.6,20.3,20.5,20.9,22.6,25.0,26.0,26.6,27.1,27.3,27.1,27.2,26.6,25.7,25.0,24.5,24.0,23.7,23.3
613,23.0,22.7,22.5,22.2,22.1,22.1,21.9,21.8,22.2,23.2,24.5,25.6,25.8,26.1,26.3,26.2,26.1,26.0,25.7,25.3,25.2,25.0,24.7,24.5
614,24.2,24.0,23.8,23.9,23.7,23.4,23.2,23.3,23.9,24.5,24.7,25.3,26.1,27.2,27.8,27.5,26.7,25.9,25.2,24.4,23.8,23.3,23.0,22.9
615,22.7,22.6,22.5,22.4,22.1,22.1,22.1,22.3,23.3,24.4,25.5,26.9,26.8,27.1,27.5,28.0,28.2,27.8,27.1,26.7,26.3,26.0,25.6,25.3
616,24.7,24.6,23.9,23.7,23.6,23.6,23.5,23.5,23.8,24.8,26.4,27.8,29.1,29.2,29.2,29.3,29.4,26.4,26.0,25.8,25.6,25.5,25.3,25.1
617,23.9,23.5,23.5,23.5,23.6,23.5,23.3,23.5,23.7,24.0,24.4,25.7,26.1,26.9,28.1,28.8,28.9,29.1,28.8,27.3,26.5,25.7,25.2,24.8
618,24.4,24.0,23.8,23.5,23.4,23.2,23.1,23.0,23.9,25.0,26.0,26.8,28.1,30.0,31.2,32.0,32.4,32.1,31.3,29.5,28.3,27.7,26.9,26.2
619,25.9,25.3,24.9,24.4,24.0,23.8,23.9,23.9,25.0,25.4,26.3,28.1,29.2,29.4,29.0,28.0,26.9,26.1,24.2,23.2,22.5,22.1,21.3,20.4
620,19.5,18.8,18.1,17.6,17.0,16.6,16.2,16.2,18.2,19.8,21.4,22.1,22.9,23.1,23.1,24.3,24.0,23.8,22.5,20.9,19.9,19.2,18.7,17.6
621,16.6,16.2,15.5,14.8,14.3,13.6,13.2,13.3,15.8,18.4,20.4,22.1,23.2,24.0,24.9,25.3,25.1,24.3,22.8,21.8,20.9,19.7,19.0,18.3
622,17.5,17.1,16.4,15.7,15.2,14.7,14.4,14.4,15.9,18.3,20.2,21.6,22.6,23.2,23.8,24.6,24.0,23.8,22.8,22.0,21.3,20.5,20.1,19.7
623,19.3,18.5,17.7,17.0,16.3,15.9,15.6,15.5,17.3,20.0,21.3,21.5,18.4,19.7,20.3,19.9,20.0,19.3,18.2,17.4,16.8,16.2,15.6,15.2
624,14.7,14.2,13.7,13.1,13.0,12.7,12.5,12.4,14.2,16.8,18.7,20.4,21.5,22.6,23.3,24.1,24.0,23.8,22.1,20.7,20.0,19.3,18.8,18.5
625,18.3,17.9,16.9,16.6,16.4,15.9,15.4,15.4,15.9,17.0,19.0,20.7,22.2,23.9,24.8,25.0,24.9,24.6,23.2,21.4,20.4,19.7,19.1,18.5
626,18.0,17.4,16.9,16.6,16.2,15.7,15.3,14.9,15.7,17.7,20.1,21.7,23.2,23.8,24.3,25.3,25.3,24.9,23.5,22.0,20.9,20.1,19.4,18.8
627,18.4,17.5,16.6,16.1,15.5,14.9,14.4,14.1,15.7,18.5,19.9,22.8,24.4,26.3,26.9,27.6,27.7,27.4,25.8,23.3,22.4,21.3,20.3,19.3
628,18.9,18.1,17.6,17.2,16.7,16.3,16.3,16.5,17.5,18.4,19.4,20.7,22.0,23.2,24.3,25.6,25.8,25.7,23.9,22.6,21.7,20.7,20.2,19.7
629,19.0,18.4,17.9,17.4,17.0,16.6,16.5,16.6,17.3,18.1,19.6,21.7,23.4,24.8,25.9,26.0,26.3,25.7,23.6,21.7,20.6,20.1,19.4,18.6
630,18.0,17.6,17.1,16.5,16.2,15.6,15.2,14.9,15.9,18.4,21.1,22.6,24.5,26.2,26.8,27.0,27.7,27.0,25.0,23.2,21.8,20.7,19.8,19.3
631,18.5,17.7,17.2,16.4,16.1,15.3,14.9,14.4,15.9,18.5,20.7,23.1,25.0,26.6,27.5,27.1,26.2,25.1,24.1,22.9,22.2,21.7,21.0,20.8
632,19.6,19.0,18.8,19.2,19.4,19.5,19.5,19.2,18.9,19.2,20.0,20.5,20.9,21.4,21.3,21.1,21.4,21.4,19.8,18.5,17.9,17.7,17.4,17.3
633,17.5,17.7,17.9,18.0,18.2,18.4,18.6,18.9,19.2,19.6,20.1,20.6,22.3,22.6,22.9,22.9,23.0,23.2,23.2,23.3,23.3,23.2,23.1,22.8
634,23.0,22.4,21.8,21.3,20.5,20.2,19.7,18.4,17.3,17.1,17.1,17.4,18.3,18.8,19.1,19.1,18.9,18.2,17.4,16.9,16.4,15.7,15.0,14.4
635,14.2,14.1,14.1,14.5,14.4,14.2,14.2,14.3,14.7,15.4,16.9,18.5,18.9,20.7,20.2,21.3,20.6,19.3,17.7,17.1,16.7,15.9,15.2,14.9
636,14.6,14.4,14.2,14.1,13.8,13.4,13.1,12.8,13.2,14.9,15.6,17.2,17.9,18.4,18.7,18.7,18.3,17.6,17.1,16.4,16.0,15.6,15.3,15.0
637,14.8,14.6,14.1,13.4,12.5,11.9,11.5,11.0,11.5,12.5,14.2,15.2,16.2,16.9,17.3,18.3,18.2,18.3,16.7,15.5,15.0,14.1,13.1,12.3
638,12.0,12.0,12.0,11.9,11.7,11.4,11.2,11.2,12.4,14.6,16.3,17.8,18.9,18.7,20.5,21.4,20.9,19.6,18.7,17.2,16.0,15.4,15.1,14.6
639,14.3,14.3,14.4,14.3,13.9,14.1,14.0,14.0,14.0,14.0,14.2,14.0,13.7,13.8,13.6,13.6,13.6,13.6,13.5,13.0,11.1,11.0,10.8,10.9
640,10.9,10.9,10.6,10.2,10.1,10.1,9.9,9.4,9.3,9.7,10.1,11.0,11.3,10.6,11.3,11.7,9.9,10.2,9.4,8.7,8.4,8.2,8.4,8.5
641,8.5,7.9,7.6,7.4,7.6,7.8,7.8,7.6,7.7,9.0,10.7,12.3,13.2,15.0,15.5,16.3,16.1,15.9,14.4,13.3,12.2,11.5,10.7,10.0
642,9.5,9.0,8.5,8.0,7.7,7.5,6.8,6.6,7.9,10.8,13.0,15.3,16.5,18.5,19.6,20.4,20.5,20.0,18.4,16.5,15.6,14.6,13.9,13.3
643,12.7,12.1,11.8,11.4,11.2,11.1,10.8,10.8,11.7,14.6,17.0,19.3,20.8,21.3,22.0,22.4,22.5,21.8,20.2,18.2,17.2,16.0,15.3,14.7
644,14.2,13.7,13.0,12.7,12.6,12.6,12.6,12.7,13.4,14.6,16.1,18.0,19.5,20.5,21.9,23.0,22.7,21.7,20.0,18.9,18.0,17.7,17.5,17.1
645,16.5,16.0,15.5,14.6,14.1,13.7,13.1,12.6,13.3,15.9,17.4,19.7,21.7,22.6,23.9,24.1,22.8,21.7,20.3,19.5,18.9,18.4,18.1,17.7
646,17.5,16.9,16.1,15.6,15.4,15.4,15.3,15.3,15.5,16.5,17.5,19.1,20.3,19.6,18.3,18.3,18.8,19.1,17.9,17.0,16.3,15.9,15.6,15.3
647,15.1,14.6,13.9,13.4,12.4,11.5,10.6,9.4,9.1,10.0,10.7,12.0,13.0,13.7,14.3,14.5,14.1,13.1,11.5,10.5,9.6,8.9,8.3,8.1
648,7.4,6.8,7.1,7.2,6.8,6.2,5.7,5.0,5.6,7.8,9.5,11.1,12.2,13.3,13.3,14.1,14.0,13.1,11.4,10.7,10.1,9.6,9.0,8.2
649,7.2,6.7,6.1,5.5,5.1,4.8,4.8,4.5,4.9,8.1,11.1,12.7,14.2,15.0,15.6,16.6,16.6,16.2,14.4,13.1,11.9,11.1,10.3,10.0
650,9.6,8.9,8.1,7.8,7.3,6.8,6.5,6.1,6.6,9.6,12.6,14.8,17.2,18.5,19.1,19.7,19.6,18.1,16.2,14.8,14.3,13.8,13.3,12.9
651,12.3,11.6,11.4,11.0,10.4,9.8,9.4,8.9,9.2,11.9,14.5,17.0,17.8,19.1,20.6,20.5,20.2,17.9,16.2,15.0,14.1,13.3,12.7,12.3
652,12.1,11.7,11.3,11.4,11.5,11.2,10.8,10.6,10.6,12.4,15.1,16.7,18.0,19.5,20.7,20.2,20.0,18.4,16.7,15.7,15.4,15.4,15.7,15.8
653,15.5,15.3,14.9,14.6,13.8,13.0,12.9,12.2,11.9,12.2,13.3,14.4,15.8,17.0,17.8,18.5,18.0,17.1,15.4,14.0,13.0,12.1,11.3,10.8
654,10.4,10.3,10.4,10.2,9.4,9.0,8.5,7.9,8.0,8.9,10.5,12.0,12.8,13.8,14.5,14.7,14.7,13.5,12.0,11.3,10.7,10.0,9.2,8.1
655,7.5,7.2,7.0,7.0,6.6,6.1,6.2,6.3,6.7,10.0,12.6,14.2,15.4,16.0,16.8,17.1,17.2,16.3,14.2,13.1,12.3,11.6,10.7,9.8
656,9.2,8.8,8.9,8.6,8.5,8.3,8.1,8.0,8.4,11.2,13.4,15.2,17.2,17.3,17.7,17.5,17.1,16.4,15.1,14.3,13.8,13.4,12.7,12.1
657,11.7,11.1,10.6,10.3,9.7,9.1,8.9,8.7,8.9,11.0,13.7,15.2,17.0,18.4,18.6,18.4,18.2,17.3,15.9,14.9,13.9,13.2,12.4,11.7
658,11.1,10.4,9.9,9.5,9.4,8.8,8.5,8.4,8.7,10.7,13.7,15.8,17.8,18.9,19.7,20.2,20.1,18.8,16.6,15.3,14.7,13.9,13.1,12.2
659,11.9,12.0,11.6,11.3,11.0,10.7,10.4,10.3,10.5,12.9,15.1,17.0,18.5,20.4,20.5,21.1,20.4,19.2,17.1,15.9,15.2,14.4,13.9,13.5
660,12.7,11.7,11.3,11.4,11.2,11.0,10.6,10.5,10.9,13.0,14.5,16.7,18.5,19.6,21.1,21.1,20.1,19.1,17.5,16.1,15.0,14.6,14.0,13.1
661,12.4,12.6,12.4,12.2,12.2,11.9,11.5,11.3,11.5,13.5,15.9,17.4,18.9,19.7,20.6,19.7,18.5,17.6,16.7,15.7,14.7,14.2,13.5,13.2
662,12.7,12.3,12.3,11.7,11.5,11.2,10.8,10.9,11.0,12.2,13.9,15.3,15.9,16.7,17.3,17.5,17.4,16.3,14.9,14.2,13.3,12.7,11.5,10.5
663,9.4,8.7,8.2,7.5,7.0,6.5,6.3,5.7,5.9,8.3,11.1,13.4,15.7,16.7,17.4,17.4,16.9,15.4,13.3,11.9,11.2,11.0,10.4,9.6
664,9.1,8.8,8.3,8.2,7.9,7.8,7.6,7.4,8.0,8.9,11.7,12.6,13.1,13.1,12.5,11.5,11.4,11.1,10.5,10.0,9.4,8.6,7.8,6.6
665,5.6,5.0,4.4,3.8,3.2,2.6,2.2,1.8,1.8,2.3,3.8,4.9,6.4,8.0,8.7,9.4,9.6,8.5,7.2,6.3,5.7,5.1,4.5,3.8
666,2.7,2.4,1.8,1.4,1.0,1.0,1.3,1.1,1.0,3.2,6.8,8.9,10.2,11.6,12.3,12.8,13.2,11.6,9.9,8.9,8.0,7.4,6.8,6.4
667,6.0,5.8,5.4,5.0,4.7,4.4,4.0,3.8,4.1,6.3,9.5,11.9,14.5,15.3,16.4,16.0,15.5,14.4,12.5,11.1,10.8,10.2,9.6,9.2
668,8.6,8.3,7.8,7.2,6.9,6.7,6.2,6.3,6.4,8.1,10.6,12.3,14.3,14.7,16.0,16.3,15.1,14.1,13.5,13.1,12.8,12.7,12.6,12.6
669,12.6,12.4,12.2,11.8,11.6,11.2,11.0,10.2,9.7,11.0,13.4,15.2,16.8,16.8,17.5,17.3,16.8,15.7,14.4,13.2,12.3,11.4,10.5,10.1
670,9.8,9.3,8.7,8.3,8.0,7.6,7.3,6.9,7.0,8.7,11.1,13.3,15.0,15.2,15.9,15.5,15.0,14.3,13.4,12.7,12.3,11.7,11.2,11.3
671,11.6,11.3,11.4,11.4,10.5,9.8,9.1,8.9,9.0,10.1,12.5,14.8,16.6,18.2,18.9,18.8,18.5,17.5,16.1,15.2,14.5,13.7,13.2,12.6
672,12.2,11.8,11.6,11.6,11.2,10.9,11.0,11.3,11.5,13.3,15.7,17.6,19.5,20.3,21.5,22.0,21.8,20.3,18.5,17.4,16.3,15.4,14.8,14.3
673,13.4,13.1,12.5,11.9,11.9,11.7,12.1,12.9,13.4,14.1,15.4,17.8,20.0,21.7,21.7,19.5,18.3,17.5,17.1,17.3,18.4,18.2,17.8,17.9
674,17.3,16.3,13.8,12.4,11.1,10.3,10.0,9.8,9.7,9.6,9.6,10.1,10.0,10.3,10.6,11.3,11.1,10.9,10.9,10.7,10.2,9.7,9.4,9.1
675,8.7,8.4,8.6,8.9,9.2,9.5,9.6,9.6,9.9,10.5,11.2,12.2,11.7,13.6,13.6,13.0,12.1,10.5,9.4,8.9,8.5,8.3,7.6,6.6
676,5.9,5.2,5.2,5.3,5.7,5.2,4.5,4.1,4.4,6.1,7.1,10.1,11.8,12.1,11.9,11.7,12.1,11.5,10.5,9.5,8.9,8.0,7.9,7.1
677,6.9,7.0,6.7,6.2,6.0,5.9,5.6,5.6,5.5,6.4,8.3,9.6,11.0,12.2,12.7,12.5,12.7,11.4,10.0,9.4,8.8,8.3,8.1,7.9
678,7.6,7.0,6.9,6.8,6.7,6.5,6.1,5.6,5.5,7.2,9.6,12.1,13.5,15.1,16.1,16.1,15.6,14.4,12.9,11.7,10.9,10.1,9.7,9.2
679,8.7,8.4,7.7,7.1,6.6,6.3,6.0,5.6,5.5,6.8,10.0,12.5,14.4,16.0,16.9,18.0,17.7,16.0,14.2,13.0,12.2,11.5,10.8,10.1
680,9.7,8.8,8.9,9.0,9.1,9.0,8.8,9.2,9.2,11.2,13.4,14.6,15.8,17.4,18.5,18.9,18.7,17.1,15.6,14.6,13.8,12.9,12.4,11.9
681,11.2,11.2,11.2,11.1,10.9,10.8,10.4,9.7,9.5,11.5,14.0,15.8,17.4,18.9,19.2,19.3,19.0,17.3,15.8,14.5,13.8,13.1,12.2,11.8
682,11.2,10.6,10.2,9.9,9.8,9.6,9.7,9.5,9.5,10.4,13.9,15.5,16.1,15.7,14.6,14.6,14.7,14.1,13.2,12.5,11.8,10.9,10.7,10.1
683,9.5,9.3,8.9,8.3,7.9,7.7,7.5,7.2,7.7,8.6,10.3,12.3,12.7,13.1,13.5,13.7,13.4,12.9,12.5,12.3,12.0,11.6,11.5,11.1
684,10.6,10.4,10.5,10.4,10.3,10.1,9.8,9.6,9.7,10.2,12.1,13.2,13.8,14.8,14.8,14.7,13.9,12.7,11.5,10.4,9.9,8.9,8.2,7.4
685,6.9,6.4,6.1,6.3,6.2,6.1,6.1,6.2,6.4,7.2,8.6,11.2,12.8,13.3,13.6,13.6,13.8,12.8,11.6,10.6,10.1,9.4,8.8,8.5
686,8.3,7.7,7.3,7.1,7.7,7.7,8.2,8.1,8.1,8.9,10.5,12.9,15.6,16.8,17.3,17.7,17.2,15.6,14.5,14.1,13.6,13.6,13.6,12.8
687,12.9,11.9,11.1,10.4,9.4,9.3,9.1,9.0,8.5,7.6,7.6,8.5,8.7,8.4,8.4,8.3,7.5,6.2,5.2,4.4,3.7,2.8,2.3,1.5
688,1.1,0.7,-0.1,-0.4,-0.8,-0.9,-0.9,-0.5,0.1,1.9,4.4,6.6,8.3,10.2,10.5,10.7,11.2,10.5,9.0,7.9,7.7,7.1,7.0,7.0
689,7.5,8.0,8.5,8.3,8.4,9.2,9.4,9.6,9.4,10.2,11.4,12.9,14.3,14.9,14.2,14.0,14.2,14.0,13.4,13.4,13.5,14.0,14.9,15.0
690,15.0,15.0,14.9,14.2,13.2,12.7,12.3,11.6,10.0,9.3,8.8,8.5,8.2,7.9,8.0,7.1,6.5,5.3,4.3,3.1,2.0,1.0,0.0,-0.8
691,-1.6,-2.4,-3.2,-4.1,-4.7,-5.4,-6.0,-6.6,-6.8,-6.6,-5.8,-4.8,-4.7,-4.2,-3.4,-2.7,-2.8,-4.1,-4.8,-5.4,-5.8,-6.7,-7.4,-7.9
692,-8.0,-7.7,-7.5,-7.7,-7.9,-8.1,-8.4,-8.9,-9.3,-7.9,-4.8,-4.1,-3.4,-2.7,-1.5,-1.6,-1.3,-2.6,-3.4,-3.8,-3.9,-4.6,-4.9,-5.3
693,-6.0,-6.6,-6.8,-6.9,-6.8,-7.3,-7.3,-7.2,-7.6,-6.3,-4.1,-2.0,-0.2,0.8,2.2,2.7,2.8,1.2,0.4,-0.6,-1.5,-1.8,-1.2,-0.4
694,-0.3,0.0,0.2,0.5,0.6,0.3,0.2,-0.2,-0.1,0.0,0.4,1.6,2.7,5.9,6.4,6.7,6.2,5.2,4.1,3.8,3.6,2.7,1.8,0.7
695,-0.2,-1.3,-2.1,-2.6,-3.0,-3.5,-4.1,-4.5,-4.6,-4.4,-3.7,-3.2,-2.9,-2.0,-1.7,-1.7,-2.2,-2.7,-3.0,-3.3,-3.6,-4.0,-4.3,-4.8
696,-5.2,-5.4,-5.6,-5.7,-5.6,-5.5,-5.7,-6.5,-7.0,-6.3,-4.1,-3.1,-2.5,-0.4,0.6,1.8,1.5,0.0,-1.0,-1.7,-2.2,-2.6,-2.9,-3.0
697,-3.1,-3.4,-3.6,-3.8,-3.1,-2.5,-2.3,-2.1,-1.9,-1.6,-1.0,0.0,2.8,3.8,5.3,4.5,4.8,3.6,2.9,2.8,2.9,2.5,2.2,2.1
698,2.1,2.4,3.4,3.3,3.4,3.4,3.0,2.2,1.3,1.9,4.9,6.7,8.5,8.6,8.4,8.7,8.5,7.1,6.2,5.6,5.1,4.5,4.1,3.7
699,2.9,2.3,1.6,1.4,1.3,1.0,1.1,0.6,0.3,0.8,3.1,6.0,7.3,8.8,8.7,8.1,8.1,7.0,5.6,4.8,4.0,3.5,3.2,2.5
700,2.0,1.7,1.3,1.0,1.0,1.7,2.3,2.8,2.8,3.2,4.3,5.3,6.7,9.3,10.1,9.9,9.1,7.7,6.5,5.8,5.0,4.0,3.9,2.8
701,2.1,1.7,1.1,0.6,0.4,0.3,-0.1,-0.3,-0.6,0.3,1.4,2.7,5.7,6.4,6.1,5.8,5.8,4.7,3.7,3.1,2.7,2.6,2.4,1.7
702,2.0,0.9,0.2,-0.1,-0.6,-1.1,-1.3,-1.5,-1.5,-1.0,0.9,3.4,4.5,5.5,6.0,6.1,6.7,4.7,3.4,2.5,2.1,0.9,0.5,0.1
703,-0.1,-0.5,-0.9,-1.7,-2.0,-1.8,-1.5,-1.2,-0.9,-0.2,1.8,3.0,4.3,5.0,6.2,6.1,5.7,4.8,3.5,3.0,3.0,2.6,2.0,2.1
704,2.8,2.8,2.8,3.1,2.7,2.5,2.1,1.1,0.4,0.6,1.5,1.7,2.3,2.5,2.3,0.5,0.5,0.1,0.4,-0.3,-0.7,-2.4,-4.4,-5.4
705,-6.4,-7.3,-8.1,-9.0,-9.6,-10.2,-10.3,-10.7,-11.0,-10.5,-9.5,-8.0,-7.7,-6.5,-5.5,-5.3,-5.5,-6.4,-7.3,-7.7,-8.0,-8.3,-8.4,-8.3
706,-8.5,-7.5,-7.0,-6.9,-7.3,-7.7,-7.3,-6.9,-6.1,-5.5,-4.6,-3.5,-2.7,-3.0,-2.8,-2.8,-2.4,-1.8,-1.3,-1.9,-2.8,-3.6,-4.2,-5.2
707,-6.0,-6.7,-7.3,-7.9,-8.1,-8.4,-9.0,-9.6,-9.4,-8.8,-7.0,-5.1,-4.3,-2.4,-2.7,-2.3,-3.0,-4.2,-5.3,-5.7,-6.2,-6.3,-6.4,-6.7
708,-6.9,-7.1,-7.8,-8.4,-8.3,-8.4,-7.9,-7.7,-7.5,-7.1,-5.7,-3.6,-3.6,-3.4,-3.5,-4.0,-4.6,-5.7,-6.6,-7.3,-8.1,-8.7,-9.1,-9.4
709,-9.8,-10.3,-10.6,-11.0,-11.3,-11.4,-11.6,-11.7,-12.3,-11.9,-9.5,-8.5,-7.1,-6.8,-6.0,-6.2,-6.1,-7.2,-7.8,-8.2,-8.9,-9.5,-10.0,-10.2
710,-10.7,-10.7,-11.2,-11.7,-12.0,-11.8,-11.3,-11.3,-11.5,-10.5,-8.4,-5.7,-4.3,-3.6,-3.0,-2.8,-3.2,-3.5,-3.8,-4.2,-4.7,-5.3,-5.5,-6.3
711,-6.7,-7.3,-7.1,-7.9,-8.5,-8.9,-9.3,-9.3,-9.3,-8.2,-5.1,-2.9,-1.3,0.3,1.5,2.4,1.7,0.8,-0.1,-0.3,-0.4,-0.6,-0.7,-0.8
712,-0.6,-0.7,-0.8,-0.5,-0.2,-1.1,-1.3,-1.3,-1.3,-1.2,-0.8,0.0,0.6,0.8,1.5,2.2,2.6,2.3,1.7,1.7,1.4,0.1,-1.0,-1.9
713,-2.6,-3.4,-4.2,-4.9,-5.6,-6.4,-7.1,-7.5,-8.2,-8.0,-7.6,-7.3,-6.3,-6.5,-6.2,-6.5,-6.4,-7.6,-8.4,-9.0,-9.8,-10.1,-10.5,-10.9
714,-11.3,-11.7,-12.1,-12.8,-13.2,-13.4,-13.6,-13.7,-13.7,-13.3,-12.1,-11.4,-10.3,-9.6,-9.3,-9.2,-9.4,-10.5,-11.2,-11.7,-11.8,-11.6,-11.9,-12.2
715,-12.6,-12.7,-12.4,-12.1,-12.7,-13.2,-13.3,-13.3,-13.5,-12.2,-10.3,-8.2,-6.1,-4.5,-2.9,-2.6,-2.1,-3.5,-5.2,-6.1,-6.6,-7.0,-7.5,-8.0
716,-8.5,-8.7,-9.0,-9.1,-9.1,-9.2,-9.4,-9.5,-9.3,-8.9,-6.6,-4.4,-3.1,-1.3,-1.1,-0.5,-0.2,-1.6,-2.5,-3.3,-4.0,-4.3,-4.9,-5.0
717,-5.4,-6.0,-6.4,-6.8,-7.0,-7.1,-7.1,-7.6,-7.9,-7.1,-5.0,-2.7,-2.1,-0.6,0.3,1.5,1.0,-0.2,-1.5,-2.3,-3.1,-3.7,-4.1,-4.6
718,-4.8,-5.2,-5.4,-6.0,-6.3,-6.5,-6.8,-7.2,-7.3,-6.6,-4.1,-2.0,-0.4,2.3,2.7,3.0,2.6,1.5,0.5,-0.3,-0.6,-1.4,-2.3,-2.8
719,-3.1,-3.3,-3.6,-3.3,-2.1,-1.5,-2.3,-3.5,-4.5,-4.8,-3.6,-2.0,-1.8,-1.2,-0.8,-0.3,-0.6,-2.0,-3.0,-3.5,-4.2,-4.6,-5.0,-5.4
720,-6.0,-6.7,-7.2,-7.1,-6.9,-7.2,-7.4,-7.5,-7.8,-7.1,-4.8,-1.9,-1.1,-0.2,1.5,1.7,1.7,0.5,-0.6,-1.2,-1.0,-0.8,-1.0,-1.0
721,-1.0,-1.2,-1.4,-2.3,-2.7,-2.4,-2.2,-2.8,-3.3,-3.5,-1.5,-0.6,0.6,1.7,2.1,2.0,1.4,0.1,-1.0,-1.6,-2.4,-3.4,-3.8,-4.0
722,-4.4,-4.9,-4.8,-4.2,-3.9,-3.4,-3.5,-3.9,-4.0,-3.5,-2.5,-1.2,-0.5,0.4,1.3,1.9,2.1,1.7,0.6,-0.2,-0.8,-1.0,-0.8,-0.2
